{"_id":"666266cedbcd6083233b31cf","settings":{"licence":"none"},"ops":[{"opId":"f1029550-d877-42da-9b1e-63a5163a0350","id":"rnz9qpvi4","uiAttribs":{"history":{"createdAt":1717725430663,"createdBy":{"name":"tlatelolco04"},"lastInteractionAt":1717725430663,"lastInteractionBy":{"name":"tlatelolco04"}},"translate":{"x":-73.90193842645381,"y":-220.95781071835802}},"portsIn":[{"name":"Max Pixel Density (DPR)","value":2},{"name":"FPS Limit","value":0},{"name":"Reduce FPS unfocussed","value":false},{"name":"Transparent","value":false},{"name":"Active","value":true}],"portsOut":[{"name":"trigger","links":[{"portIn":"exe","portOut":"trigger","objIn":"5iwfgj1nt","objOut":"rnz9qpvi4"}]},{"name":"width","value":575.9999847412109},{"name":"height","value":287.99999237060547},{"name":"Pixel Density","value":0.8999999761581421}]},{"opId":"82bb2f8a-77f4-4218-a3ae-8f158f1b7fb1","id":"5mw2c3x2c","uiAttribs":{"subPatch":"mmvlpwmud","history":{"createdAt":1676397248793,"createdBy":{"name":"n4hui"},"lastInteractionAt":1679033822488,"lastInteractionBy":{"name":"n4hui"}},"translate":{"x":-96.86358025916627,"y":351.06043329532497},"color":null},"portsIn":[{"name":"render","title":"Trigger"},{"name":"dorender","value":1,"title":"Render"},{"name":"width","value":4},{"name":"height","value":2},{"name":"pivot x index","value":1},{"name":"pivot x","value":"center"},{"name":"pivot y index","value":0},{"name":"pivot y","value":"top"},{"name":"axis index","value":0},{"name":"axis","value":"xy"},{"name":"Flip TexCoord X","value":0},{"name":"Flip TexCoord Y","value":1},{"name":"num columns","value":1},{"name":"num rows","value":1}]},{"opId":"650baeb1-db2d-4781-9af6-ab4e9d4277be","id":"4o2connbk","uiAttribs":{"subPatch":"mmvlpwmud","history":{"createdAt":1676397350720,"createdBy":{"name":"n4hui"},"lastInteractionAt":1679012062940,"lastInteractionBy":{"name":"n4hui"}},"translate":{"x":-192.8635802591662,"y":71.06043329532497},"comment":null,"color":null},"portsIn":[{"name":"posX","value":0},{"name":"posZ","value":0},{"name":"scale","value":1},{"name":"rotX","value":0},{"name":"rotY","value":0},{"name":"rotZ","value":0}],"portsOut":[{"name":"trigger","links":[{"portIn":"out0 Ops.Gl.Matrix.Transform trigger","portOut":"trigger","objIn":"8sb99biwz","objOut":"4o2connbk"},{"portIn":"exe","portOut":"trigger","objIn":"35l37gxi9","objOut":"4o2connbk"}]}]},{"opId":"ec55d252-3843-41b1-b731-0482dbd9e72b","id":"4x1l838u7","uiAttribs":{"subPatch":"mmvlpwmud","history":{"createdAt":1676397394071,"createdBy":{"name":"n4hui"},"lastInteractionAt":1717726372847,"lastInteractionBy":{"name":"tlatelolco04"}},"translate":{"x":-96.86358025916627,"y":291.06043329532497},"color":null},"portsIn":[{"name":"r","value":0.5333333333333333},{"name":"g","value":0.7411764705882353},{"name":"b","value":1},{"name":"a","value":1},{"name":"colorizeTexture","value":0},{"name":"Vertex Colors","value":0},{"name":"Alpha Mask Source index","value":0},{"name":"Alpha Mask Source","value":"Luminance"},{"name":"Opacity TexCoords Transform","value":0},{"name":"Discard Transparent Pixels","value":0},{"name":"diffuseRepeatX","value":1},{"name":"diffuseRepeatY","value":1},{"name":"Tex Offset X","value":0},{"name":"Tex Offset Y","value":0},{"name":"Crop TexCoords","value":0},{"name":"billboard","value":0}],"portsOut":[{"name":"trigger","links":[{"portIn":"render","portOut":"trigger","objIn":"5mw2c3x2c","objOut":"4x1l838u7"}]}]},{"opId":"82bb2f8a-77f4-4218-a3ae-8f158f1b7fb1","id":"bth2zvt5g","uiAttribs":{"subPatch":"lkhr8cnbt","history":{"createdAt":1676397248793,"createdBy":{"name":"n4hui"},"lastInteractionAt":1679035498072,"lastInteractionBy":{"name":"n4hui"}},"translate":{"x":203.13641974083373,"y":591.060433295325},"color":null},"portsIn":[{"name":"render","title":"Trigger"},{"name":"dorender","value":1,"title":"Render"},{"name":"height","value":0.25},{"name":"pivot x index","value":0},{"name":"pivot x","value":"left"},{"name":"pivot y index","value":1},{"name":"pivot y","value":"center"},{"name":"axis index","value":0},{"name":"axis","value":"xy"},{"name":"Flip TexCoord X","value":0},{"name":"Flip TexCoord Y","value":1},{"name":"num columns","value":1},{"name":"num rows","value":1}]},{"opId":"650baeb1-db2d-4781-9af6-ab4e9d4277be","id":"pfwfr097h","uiAttribs":{"subPatch":"lkhr8cnbt","history":{"createdAt":1676397350720,"createdBy":{"name":"n4hui"},"lastInteractionAt":1679012083252,"lastInteractionBy":{"name":"n4hui"}},"translate":{"x":-72.86358025916627,"y":191.06043329532497},"comment":null,"color":null},"portsIn":[{"name":"posX","value":0},{"name":"posY","value":-0.37},{"name":"posZ","value":0},{"name":"scale","value":1},{"name":"rotX","value":0},{"name":"rotY","value":0},{"name":"rotZ","value":0}],"portsOut":[{"name":"trigger","links":[{"portIn":"exe","portOut":"trigger","objIn":"lvznxb3cv","objOut":"pfwfr097h"}]}]},{"opId":"ec55d252-3843-41b1-b731-0482dbd9e72b","id":"1c9ibxirt","uiAttribs":{"subPatch":"lkhr8cnbt","history":{"createdAt":1676397394071,"createdBy":{"name":"n4hui"},"lastInteractionAt":1717726573884,"lastInteractionBy":{"name":"tlatelolco04"}},"translate":{"x":203.13641974083373,"y":411.06043329532497},"color":null},"portsIn":[{"name":"r","value":0.5647058823529412},{"name":"g","value":0.9137254901960784},{"name":"b","value":0.5490196078431372},{"name":"a","value":1},{"name":"colorizeTexture","value":0},{"name":"Vertex Colors","value":0},{"name":"Alpha Mask Source index","value":0},{"name":"Alpha Mask Source","value":"Luminance"},{"name":"Opacity TexCoords Transform","value":0},{"name":"Discard Transparent Pixels","value":0},{"name":"diffuseRepeatX","value":1},{"name":"diffuseRepeatY","value":1},{"name":"Tex Offset X","value":0},{"name":"Tex Offset Y","value":0},{"name":"Crop TexCoords","value":0},{"name":"billboard","value":0}],"portsOut":[{"name":"trigger","links":[{"portIn":"exe","portOut":"trigger","objIn":"z0wa1alz3","objOut":"1c9ibxirt"}]}]},{"opId":"82bb2f8a-77f4-4218-a3ae-8f158f1b7fb1","id":"wlv2xunml","uiAttribs":{"subPatch":"bh9fk3giq","history":{"createdAt":1676397248793,"createdBy":{"name":"n4hui"},"lastInteractionAt":1679067998572,"lastInteractionBy":{"name":"n4hui"}},"translate":{"x":-600.8635802591663,"y":731.060433295325},"color":null},"portsIn":[{"name":"render","title":"Trigger"},{"name":"dorender","value":1,"title":"Render"},{"name":"height","value":2.32},{"name":"pivot x index","value":2},{"name":"pivot x","value":"right"},{"name":"pivot y index","value":1},{"name":"pivot y","value":"center"},{"name":"axis index","value":0},{"name":"axis","value":"xy"},{"name":"Flip TexCoord X","value":0},{"name":"Flip TexCoord Y","value":1},{"name":"num columns","value":1},{"name":"num rows","value":1}]},{"opId":"650baeb1-db2d-4781-9af6-ab4e9d4277be","id":"zhjetuz5u","uiAttribs":{"subPatch":"bh9fk3giq","history":{"createdAt":1676397350720,"createdBy":{"name":"n4hui"},"lastInteractionAt":1679032206590,"lastInteractionBy":{"name":"n4hui"}},"translate":{"x":-852.8635802591662,"y":251.06043329532497},"comment":null,"color":null},"portsIn":[{"name":"posX","value":1.5},{"name":"posY","value":-1.12},{"name":"posZ","value":0},{"name":"scale","value":1},{"name":"rotX","value":0},{"name":"rotY","value":0},{"name":"rotZ","value":0}],"portsOut":[{"name":"trigger","links":[{"portIn":"exe","portOut":"trigger","objIn":"b67obahpu","objOut":"zhjetuz5u"}]}]},{"opId":"ec55d252-3843-41b1-b731-0482dbd9e72b","id":"lpo1orb6e","uiAttribs":{"subPatch":"bh9fk3giq","history":{"createdAt":1676397394071,"createdBy":{"name":"n4hui"},"lastInteractionAt":1717726832717,"lastInteractionBy":{"name":"tlatelolco04"}},"translate":{"x":-948.8635802591662,"y":511.06043329532497},"color":null},"portsIn":[{"name":"r","value":1},{"name":"g","value":0.9934192183848608},{"name":"b","value":0.4379276633262634},{"name":"a","value":1},{"name":"colorizeTexture","value":0},{"name":"Vertex Colors","value":0},{"name":"Alpha Mask Source index","value":0},{"name":"Alpha Mask Source","value":"Luminance"},{"name":"Opacity TexCoords Transform","value":0},{"name":"Discard Transparent Pixels","value":0},{"name":"diffuseRepeatX","value":1},{"name":"diffuseRepeatY","value":1},{"name":"Tex Offset X","value":0},{"name":"Tex Offset Y","value":0},{"name":"Crop TexCoords","value":0},{"name":"billboard","value":0}],"portsOut":[{"name":"trigger","links":[{"portIn":"render","portOut":"trigger","objIn":"ew9vwv2ag","objOut":"lpo1orb6e"}]}]},{"opId":"2390f6b3-2122-412e-8c8d-5c2f574e8bd1","id":"hq6j9lzv4","uiAttribs":{"subPatch":"mmvlpwmud","history":{"createdAt":1676398216447,"createdBy":{"name":"n4hui"},"lastInteractionAt":1676398426706,"lastInteractionBy":{"name":"n4hui"}},"translate":{"x":443.13641974083373,"y":291.06043329532497}},"portsIn":[{"name":"Text","value":"Encabezado"},{"name":"Scale","value":1},{"name":"Font","value":"Arial"},{"name":"align index","value":1},{"name":"align","value":"center"},{"name":"vertical align index","value":1},{"name":"vertical align","value":"Middle"},{"name":"Line Height","value":1},{"name":"Letter Spacing","value":0},{"name":"filter index","value":2},{"name":"filter","value":"mipmap"},{"name":"Anisotropic index","value":0},{"name":"Anisotropic","value":0},{"name":"r","value":0},{"name":"g","value":0},{"name":"b","value":0},{"name":"a","value":1}],"portsOut":[{"name":"Total Lines","value":1},{"name":"Width","value":1.9857352120535714},{"name":"Font Available","value":0}]},{"opId":"650baeb1-db2d-4781-9af6-ab4e9d4277be","id":"9mxg8pmfg","uiAttribs":{"subPatch":"mmvlpwmud","history":{"createdAt":1676398258488,"createdBy":{"name":"n4hui"},"lastInteractionAt":1679033858899,"lastInteractionBy":{"name":"n4hui"}},"translate":{"x":443.13641974083373,"y":231.06043329532497}},"portsIn":[{"name":"posX","value":0},{"name":"posY","value":0.75},{"name":"posZ","value":0},{"name":"scale","value":0.15},{"name":"rotX","value":0},{"name":"rotY","value":0},{"name":"rotZ","value":0}],"portsOut":[{"name":"trigger","links":[{"portIn":"Render","portOut":"trigger","objIn":"hq6j9lzv4","objOut":"9mxg8pmfg"}]}]},{"opId":"2390f6b3-2122-412e-8c8d-5c2f574e8bd1","id":"8a8wr98s9","uiAttribs":{"subPatch":"lkhr8cnbt","history":{"createdAt":1676398216447,"createdBy":{"name":"n4hui"},"lastInteractionAt":1679031682985,"lastInteractionBy":{"name":"n4hui"}},"translate":{"x":503.13641974083373,"y":691.060433295325}},"portsIn":[{"name":"Text","value":"Sección"},{"name":"Scale","value":1},{"name":"Font","value":"Arial"},{"name":"align index","value":1},{"name":"align","value":"center"},{"name":"vertical align index","value":1},{"name":"vertical align","value":"Middle"},{"name":"Line Height","value":1},{"name":"Letter Spacing","value":0},{"name":"filter index","value":2},{"name":"filter","value":"mipmap"},{"name":"Anisotropic index","value":0},{"name":"Anisotropic","value":0},{"name":"r","value":0},{"name":"g","value":0},{"name":"b","value":0},{"name":"a","value":1}],"portsOut":[{"name":"Total Lines","value":1},{"name":"Width","value":1.2705775669642858},{"name":"Font Available","value":0}]},{"opId":"650baeb1-db2d-4781-9af6-ab4e9d4277be","id":"dk0fyqk0k","uiAttribs":{"subPatch":"lkhr8cnbt","history":{"createdAt":1676398258488,"createdBy":{"name":"n4hui"},"lastInteractionAt":1679031697906,"lastInteractionBy":{"name":"n4hui"}},"translate":{"x":503.13641974083373,"y":391.06043329532497}},"portsIn":[{"name":"posX","value":-1.7},{"name":"posY","value":0},{"name":"posZ","value":0},{"name":"scale","value":0.15},{"name":"rotX","value":0},{"name":"rotY","value":0},{"name":"rotZ","value":0}],"portsOut":[{"name":"trigger","links":[{"portIn":"Trigger in","portOut":"trigger","objIn":"5h0adwuob","objOut":"dk0fyqk0k"},{"portIn":"render","portOut":"trigger","objIn":"vgm8d73bf","objOut":"dk0fyqk0k"},{"portIn":"Trigger","portOut":"trigger","objIn":"ow8q2mxz7","objOut":"dk0fyqk0k"}]}]},{"opId":"2390f6b3-2122-412e-8c8d-5c2f574e8bd1","id":"mxfykha9v","uiAttribs":{"subPatch":"bh9fk3giq","history":{"createdAt":1676398216447,"createdBy":{"name":"n4hui"},"lastInteractionAt":1676398416030,"lastInteractionBy":{"name":"n4hui"}},"translate":{"x":-372.8635802591662,"y":431.06043329532497}},"portsIn":[{"name":"Text","value":"Lateral"},{"name":"Scale","value":1},{"name":"Font","value":"Arial"},{"name":"align index","value":1},{"name":"align","value":"center"},{"name":"vertical align index","value":1},{"name":"vertical align","value":"Middle"},{"name":"Line Height","value":1},{"name":"Letter Spacing","value":0},{"name":"filter index","value":2},{"name":"filter","value":"mipmap"},{"name":"Anisotropic index","value":0},{"name":"Anisotropic","value":0},{"name":"r","value":0},{"name":"g","value":0},{"name":"b","value":0},{"name":"a","value":1}],"portsOut":[{"name":"Total Lines","value":1},{"name":"Width","value":1.0920061383928572},{"name":"Font Available","value":0}]},{"opId":"650baeb1-db2d-4781-9af6-ab4e9d4277be","id":"2f5y6cgsn","uiAttribs":{"subPatch":"bh9fk3giq","history":{"createdAt":1676398258488,"createdBy":{"name":"n4hui"},"lastInteractionAt":1679067848713,"lastInteractionBy":{"name":"n4hui"}},"translate":{"x":-372.8635802591662,"y":371.06043329532497}},"portsIn":[{"name":"posX","value":0},{"name":"posY","value":-0.56},{"name":"posZ","value":0},{"name":"scale","value":0.15},{"name":"rotX","value":0},{"name":"rotY","value":0},{"name":"rotZ","value":0}],"portsOut":[{"name":"trigger","links":[{"portIn":"Render","portOut":"trigger","objIn":"mxfykha9v","objOut":"2f5y6cgsn"}]}]},{"opId":"e3f68bc3-892a-4c78-9974-aca25c27025d","id":"bz2coil1c","uiAttribs":{"subPatch":"mmvlpwmud","translate":{"x":-204.8635802591662,"y":-108.93956670467503},"history":{"createdAt":1679011553815,"createdBy":{"name":"n4hui"},"lastInteractionAt":1679011553815,"lastInteractionBy":{"name":"n4hui"}}},"portsOut":[{"name":"create port","value":0},{"name":"in0 Ops.Ui.PatchInput in0 >mainLoop Trigger","links":[{"portIn":"exe","portOut":"in0 Ops.Ui.PatchInput in0 >mainLoop Trigger","objIn":"3c73ogk1t","objOut":"bz2coil1c"}]},{"name":"in1 Desplazamiento out0 Smooth Result","links":[{"portIn":"posY","portOut":"in1 Desplazamiento out0 Smooth Result","objIn":"4o2connbk","objOut":"bz2coil1c"}]}]},{"opId":"851b44cb-5667-4140-9800-5aeb7031f1d7","id":"8sb99biwz","uiAttribs":{"subPatch":"mmvlpwmud","translate":{"x":-192.8635802591662,"y":431.06043329532497},"history":{"createdAt":1679011553841,"createdBy":{"name":"n4hui"},"lastInteractionAt":1679011553841,"lastInteractionBy":{"name":"n4hui"}}},"portsIn":[{"name":"create port","value":0}]},{"opId":"84d9a6f0-ed7a-466d-b386-225ed9e89c60","id":"29lj653ca","uiAttribs":{"title":"Encabezado","translate":{"x":-97.90193842645381,"y":-0.15963511972634592},"history":{"createdAt":1679011553857,"createdBy":{"name":"n4hui"},"lastInteractionAt":1679011553857,"lastInteractionBy":{"name":"n4hui"}},"color":"#5dc0fd"},"storage":{"subPatchVer":1},"portsIn":[{"name":"create port","value":0},{"name":"dataStr","value":"{\"ports\":[{\"name\":\"in0 Ops.Ui.PatchInput in0 >mainLoop Trigger\",\"type\":1},{\"name\":\"in1 Desplazamiento out0 Smooth Result\",\"type\":0}],\"portsOut\":[{\"name\":\"out0 Ops.Gl.Matrix.Transform trigger\",\"type\":1}]}"},{"name":"patchId","value":"mmvlpwmud"}],"portsOut":[{"name":"create port out","value":0},{"name":"out0 Ops.Gl.Matrix.Transform trigger","links":[{"portIn":"in0 Encabezado out0 Ops.Gl.Matrix.Transform trigger","portOut":"out0 Ops.Gl.Matrix.Transform trigger","objIn":"fuwhqyvoo","objOut":"29lj653ca"}]}]},{"opId":"e3f68bc3-892a-4c78-9974-aca25c27025d","id":"otc1jaka6","uiAttribs":{"subPatch":"lkhr8cnbt","translate":{"x":-192.8635802591662,"y":71.06043329532497},"history":{"createdAt":1679011599414,"createdBy":{"name":"n4hui"},"lastInteractionAt":1679011599415,"lastInteractionBy":{"name":"n4hui"}}},"portsOut":[{"name":"create port","value":0},{"name":"in0 Encabezado out0 Ops.Gl.Matrix.Transform trigger","links":[{"portIn":"exe","portOut":"in0 Encabezado out0 Ops.Gl.Matrix.Transform trigger","objIn":"sazqeqe93","objOut":"otc1jaka6"}]}]},{"opId":"851b44cb-5667-4140-9800-5aeb7031f1d7","id":"z40y4ssli","uiAttribs":{"subPatch":"lkhr8cnbt","translate":{"x":-192.8635802591662,"y":691.060433295325},"history":{"createdAt":1679011599422,"createdBy":{"name":"n4hui"},"lastInteractionAt":1679011599422,"lastInteractionBy":{"name":"n4hui"}}},"portsIn":[{"name":"create port","value":0}]},{"opId":"84d9a6f0-ed7a-466d-b386-225ed9e89c60","id":"fuwhqyvoo","uiAttribs":{"title":"Navegación","translate":{"x":-109.90193842645381,"y":58.734766243219696},"history":{"createdAt":1679011599430,"createdBy":{"name":"n4hui"},"lastInteractionAt":1679011599430,"lastInteractionBy":{"name":"n4hui"}},"color":"#07F78C"},"storage":{"subPatchVer":1},"portsIn":[{"name":"create port","value":0},{"name":"dataStr","value":"{\"ports\":[{\"name\":\"in0 Encabezado out0 Ops.Gl.Matrix.Transform trigger\",\"type\":1}],\"portsOut\":[{\"name\":\"out0 Ops.Gl.Matrix.Transform trigger\",\"type\":1}]}"},{"name":"patchId","value":"lkhr8cnbt"}],"portsOut":[{"name":"create port out","value":0},{"name":"out0 Ops.Gl.Matrix.Transform trigger","links":[{"portIn":"in0 Navegación out0 Ops.Gl.Matrix.Transform trigger","portOut":"out0 Ops.Gl.Matrix.Transform trigger","objIn":"nt7tq6q0h","objOut":"fuwhqyvoo"},{"portIn":"in0 Navegación out0 Ops.Gl.Matrix.Transform trigger","portOut":"out0 Ops.Gl.Matrix.Transform trigger","objIn":"bet2s7owm","objOut":"fuwhqyvoo"},{"portIn":"in0 Navegación out0 Ops.Gl.Matrix.Transform trigger","portOut":"out0 Ops.Gl.Matrix.Transform trigger","objIn":"k7t0rkmr4","objOut":"fuwhqyvoo"},{"portIn":"in0 Navegación out0 Ops.Gl.Matrix.Transform trigger","portOut":"out0 Ops.Gl.Matrix.Transform trigger","objIn":"ucatfxgev","objOut":"fuwhqyvoo"}]}]},{"opId":"e3f68bc3-892a-4c78-9974-aca25c27025d","id":"fr5vnfyld","uiAttribs":{"subPatch":"bh9fk3giq","translate":{"x":-864.8635802591662,"y":171.06043329532497},"history":{"createdAt":1679011664985,"createdBy":{"name":"n4hui"},"lastInteractionAt":1679011664985,"lastInteractionBy":{"name":"n4hui"}}},"portsOut":[{"name":"create port","value":0},{"name":"in0 Navegación out0 Ops.Gl.Matrix.Transform trigger","links":[{"portIn":"render","portOut":"in0 Navegación out0 Ops.Gl.Matrix.Transform trigger","objIn":"zhjetuz5u","objOut":"fr5vnfyld"}]},{"name":"in1 Desplazamiento out0 Smooth Result","links":[{"portIn":"number1","portOut":"in1 Desplazamiento out0 Smooth Result","objIn":"9e9l8vaju","objOut":"fr5vnfyld"}]}]},{"opId":"851b44cb-5667-4140-9800-5aeb7031f1d7","id":"bra8g2lva","uiAttribs":{"subPatch":"bh9fk3giq","translate":{"x":-696.8635802591663,"y":171.06043329532497},"history":{"createdAt":1679011665001,"createdBy":{"name":"n4hui"},"lastInteractionAt":1679011665001,"lastInteractionBy":{"name":"n4hui"}}},"portsIn":[{"name":"create port","value":0}]},{"opId":"84d9a6f0-ed7a-466d-b386-225ed9e89c60","id":"nt7tq6q0h","uiAttribs":{"title":"Lateral","translate":{"x":-121.90193842645381,"y":183.138520123842},"history":{"createdAt":1679011665015,"createdBy":{"name":"n4hui"},"lastInteractionAt":1679011665015,"lastInteractionBy":{"name":"n4hui"}},"color":"#F0D165"},"storage":{"subPatchVer":1},"portsIn":[{"name":"create port","value":0},{"name":"dataStr","value":"{\"ports\":[{\"name\":\"in0 Navegación out0 Ops.Gl.Matrix.Transform trigger\",\"type\":1},{\"name\":\"in1 Desplazamiento out0 Smooth Result\",\"type\":0}],\"portsOut\":[]}"},{"name":"patchId","value":"bh9fk3giq"}],"portsOut":[{"name":"create port out","value":0}]},{"opId":"82bb2f8a-77f4-4218-a3ae-8f158f1b7fb1","id":"xud0x75um","uiAttribs":{"subPatch":"nfgfsgrx4","history":{"createdAt":1676397248793,"createdBy":{"name":"n4hui"},"lastInteractionAt":1679030154679,"lastInteractionBy":{"name":"n4hui"}},"translate":{"x":-1020.8635802591662,"y":911.0604332953249},"color":null},"portsIn":[{"name":"render","title":"Trigger"},{"name":"dorender","value":1,"title":"Render"},{"name":"width","value":4},{"name":"height","value":1.4},{"name":"pivot x index","value":1},{"name":"pivot x","value":"center"},{"name":"pivot y index","value":1},{"name":"pivot y","value":"center"},{"name":"axis index","value":0},{"name":"axis","value":"xy"},{"name":"Flip TexCoord X","value":0},{"name":"Flip TexCoord Y","value":1},{"name":"num columns","value":1},{"name":"num rows","value":1}]},{"opId":"650baeb1-db2d-4781-9af6-ab4e9d4277be","id":"r8cbwvy2h","uiAttribs":{"subPatch":"nfgfsgrx4","history":{"createdAt":1676397350720,"createdBy":{"name":"n4hui"},"lastInteractionAt":1679067424889,"lastInteractionBy":{"name":"n4hui"}},"translate":{"x":-840.8635802591662,"y":471.06043329532497},"comment":null,"color":null},"portsIn":[{"name":"posX","value":0},{"name":"posY","value":-3.5},{"name":"posZ","value":0},{"name":"scale","value":1},{"name":"rotX","value":0},{"name":"rotY","value":0},{"name":"rotZ","value":0}],"portsOut":[{"name":"trigger","links":[{"portIn":"exe","portOut":"trigger","objIn":"f52hvjwyx","objOut":"r8cbwvy2h"}]}]},{"opId":"ec55d252-3843-41b1-b731-0482dbd9e72b","id":"kpnanrsn5","uiAttribs":{"subPatch":"nfgfsgrx4","history":{"createdAt":1676397394071,"createdBy":{"name":"n4hui"},"lastInteractionAt":1717726950883,"lastInteractionBy":{"name":"tlatelolco04"}},"translate":{"x":-1020.8635802591662,"y":751.060433295325},"color":null},"portsIn":[{"name":"r","value":0.925676809946696},{"name":"g","value":0.47022518160034676},{"name":"b","value":0.10744670271590508},{"name":"a","value":1},{"name":"colorizeTexture","value":0},{"name":"Vertex Colors","value":0},{"name":"Alpha Mask Source index","value":0},{"name":"Alpha Mask Source","value":"Luminance"},{"name":"Opacity TexCoords Transform","value":0},{"name":"Discard Transparent Pixels","value":0},{"name":"diffuseRepeatX","value":1},{"name":"diffuseRepeatY","value":1},{"name":"Tex Offset X","value":0},{"name":"Tex Offset Y","value":0},{"name":"Crop TexCoords","value":0},{"name":"billboard","value":0}],"portsOut":[{"name":"trigger","links":[{"portIn":"render","portOut":"trigger","objIn":"xud0x75um","objOut":"kpnanrsn5"}]}]},{"opId":"2390f6b3-2122-412e-8c8d-5c2f574e8bd1","id":"z34co8zfs","uiAttribs":{"subPatch":"nfgfsgrx4","history":{"createdAt":1676398216447,"createdBy":{"name":"n4hui"},"lastInteractionAt":1676398481329,"lastInteractionBy":{"name":"n4hui"}},"translate":{"x":-540.8635802591663,"y":751.060433295325}},"portsIn":[{"name":"Text","value":"Pie de Página"},{"name":"Scale","value":1},{"name":"Font","value":"Arial"},{"name":"align index","value":1},{"name":"align","value":"center"},{"name":"vertical align index","value":1},{"name":"vertical align","value":"Middle"},{"name":"Line Height","value":1},{"name":"Letter Spacing","value":0},{"name":"filter index","value":2},{"name":"filter","value":"mipmap"},{"name":"Anisotropic index","value":0},{"name":"Anisotropic","value":0},{"name":"r","value":0},{"name":"g","value":0},{"name":"b","value":0},{"name":"a","value":1}],"portsOut":[{"name":"Total Lines","value":1},{"name":"Width","value":2.223946707589286},{"name":"Font Available","value":0}]},{"opId":"650baeb1-db2d-4781-9af6-ab4e9d4277be","id":"e5wnygqzh","uiAttribs":{"subPatch":"nfgfsgrx4","history":{"createdAt":1676398258488,"createdBy":{"name":"n4hui"},"lastInteractionAt":1676398299846,"lastInteractionBy":{"name":"n4hui"}},"translate":{"x":-540.8635802591663,"y":651.060433295325}},"portsIn":[{"name":"posX","value":0},{"name":"posY","value":0},{"name":"posZ","value":0},{"name":"scale","value":0.15},{"name":"rotX","value":0},{"name":"rotY","value":0},{"name":"rotZ","value":0}],"portsOut":[{"name":"trigger","links":[{"portIn":"Render","portOut":"trigger","objIn":"z34co8zfs","objOut":"e5wnygqzh"}]}]},{"opId":"e3f68bc3-892a-4c78-9974-aca25c27025d","id":"7kqw0hxnr","uiAttribs":{"subPatch":"nfgfsgrx4","translate":{"x":-852.8635802591662,"y":331.06043329532497},"history":{"createdAt":1679011731829,"createdBy":{"name":"n4hui"},"lastInteractionAt":1679011731829,"lastInteractionBy":{"name":"n4hui"}}},"portsOut":[{"name":"create port","value":0},{"name":"in0 Navegación out0 Ops.Gl.Matrix.Transform trigger","links":[{"portIn":"render","portOut":"in0 Navegación out0 Ops.Gl.Matrix.Transform trigger","objIn":"r8cbwvy2h","objOut":"7kqw0hxnr"}]},{"name":"in1 Desplazamiento out0 Smooth Result","links":[{"portIn":"number1","portOut":"in1 Desplazamiento out0 Smooth Result","objIn":"b1cbezv7x","objOut":"7kqw0hxnr"}]}]},{"opId":"851b44cb-5667-4140-9800-5aeb7031f1d7","id":"3yamnnyxq","uiAttribs":{"subPatch":"nfgfsgrx4","translate":{"x":-660.8635802591663,"y":351.06043329532497},"history":{"createdAt":1679011731835,"createdBy":{"name":"n4hui"},"lastInteractionAt":1679011731835,"lastInteractionBy":{"name":"n4hui"}}},"portsIn":[{"name":"create port","value":0}]},{"opId":"84d9a6f0-ed7a-466d-b386-225ed9e89c60","id":"bet2s7owm","uiAttribs":{"title":"Pie","translate":{"x":-121.90193842645381,"y":288.90002167609094},"history":{"createdAt":1679011731842,"createdBy":{"name":"n4hui"},"lastInteractionAt":1679011731842,"lastInteractionBy":{"name":"n4hui"}},"color":"#f59259"},"storage":{"subPatchVer":1},"portsIn":[{"name":"create port","value":0},{"name":"dataStr","value":"{\"ports\":[{\"name\":\"in0 Navegación out0 Ops.Gl.Matrix.Transform trigger\",\"type\":1},{\"name\":\"in1 Desplazamiento out0 Smooth Result\",\"type\":0}],\"portsOut\":[]}"},{"name":"patchId","value":"nfgfsgrx4"}],"portsOut":[{"name":"create port out","value":0}]},{"opId":"7b9626db-536b-4bb4-85c3-95401bc60d1b","id":"ix2aotjix","uiAttribs":{"subPatch":"qv3evwrpy","history":{"createdAt":1677892500894,"createdBy":{"name":"n4hui"},"lastInteractionAt":1677892660717,"lastInteractionBy":{"name":"n4hui"}},"translate":{"x":-684.8635802591663,"y":271.06043329532497}},"portsIn":[{"name":"Speed","value":0.1},{"name":"prevent scroll","value":1},{"name":"Flip Direction","value":0},{"name":"Simple Delta","value":1},{"name":"Area index","value":1},{"name":"Area","value":"Document"},{"name":"active","value":1}],"portsOut":[{"name":"delta","links":[{"portIn":"Delta Value","portOut":"delta","objIn":"fucw8m4jn","objOut":"ix2aotjix"}]},{"name":"delta X","value":0.0012622838020324707},{"name":"browser event delta","value":15}]},{"opId":"d9d4b3db-c24b-48da-b798-9e6230d861f7","id":"fucw8m4jn","uiAttribs":{"subPatch":"qv3evwrpy","history":{"createdAt":1677892518636,"createdBy":{"name":"n4hui"},"lastInteractionAt":1679068048748,"lastInteractionBy":{"name":"n4hui"}},"translate":{"x":-684.8635802591663,"y":331.06043329532497}},"portsIn":[{"name":"Default Value","value":0},{"name":"Multiply","value":1},{"name":"Limit","value":1},{"name":"Min","value":0},{"name":"Max","value":3.7},{"name":"Rubberband","value":0}],"portsOut":[{"name":"Absolute Value","links":[{"portIn":"number1","portOut":"Absolute Value","objIn":"z6gt5gk3j","objOut":"fucw8m4jn"}]}]},{"opId":"6d1edbc0-088a-43d7-9156-918fb3d7f24b","id":"2arsrqlpw","uiAttribs":{"subPatch":"qv3evwrpy","history":{"createdAt":1677892588197,"createdBy":{"name":"n4hui"},"lastInteractionAt":1677892588197,"lastInteractionBy":{"name":"n4hui"}},"translate":{"x":-552.8635802591663,"y":271.06043329532497}},"portsIn":[{"name":"Coordinates index","value":0},{"name":"Coordinates","value":"-1 to 1"},{"name":"Area index","value":0},{"name":"Area","value":"Canvas"},{"name":"flip y","value":1},{"name":"right click prevent default","value":1},{"name":"Touch support","value":1},{"name":"Passive Events","value":0},{"name":"Active","value":1}],"portsOut":[{"name":"x","value":-0.984375},{"name":"y","value":0.9750000000000001},{"name":"click right","links":[{"portIn":"Reset","portOut":"click right","objIn":"fucw8m4jn","objOut":"2arsrqlpw"}]},{"name":"Button is down","value":0},{"name":"Mouse is hovering","value":0},{"name":"Movement X","value":0},{"name":"Movement Y","value":0}]},{"opId":"c8fb181e-0b03-4b41-9e55-06b6267bc634","id":"z6gt5gk3j","uiAttribs":{"title":"+","mathTitle":true,"subPatch":"qv3evwrpy","history":{"createdAt":1677892627678,"createdBy":{"name":"n4hui"},"lastInteractionAt":1679034785786,"lastInteractionBy":{"name":"n4hui"}},"translate":{"x":-684.8635802591663,"y":391.06043329532497}},"portsIn":[{"name":"number2","value":-0.63}],"portsOut":[{"name":"result","links":[{"portIn":"Value","portOut":"result","objIn":"06jzd5oc2","objOut":"z6gt5gk3j"}]}]},{"opId":"5677b5b5-753a-4fbf-9e91-64c81ec68a2f","id":"06jzd5oc2","uiAttribs":{"subPatch":"qv3evwrpy","history":{"createdAt":1677892697974,"createdBy":{"name":"n4hui"},"lastInteractionAt":1679033040122,"lastInteractionBy":{"name":"n4hui"}},"translate":{"x":-696.8635802591663,"y":471.06043329532497}},"portsIn":[{"name":"Separate inc/dec","value":0},{"name":"Inc factor","value":10,"title":"Inc/Dec factor"},{"name":"Dec factor","value":4}],"portsOut":[{"name":"Result","links":[{"portIn":"out0 Smooth Result","portOut":"Result","objIn":"vesb9om51","objOut":"06jzd5oc2"}]}]},{"opId":"331bc9dc-d44c-43bd-be18-a2673fba124e","id":"c0v39kbq3","uiAttribs":{"subPatch":"qv3evwrpy","history":{"createdAt":1677892993731,"createdBy":{"name":"n4hui"},"lastInteractionAt":1677893014919,"lastInteractionBy":{"name":"n4hui"}},"translate":{"x":-696.8635802591663,"y":-68.93956670467503}},"portsIn":[{"name":"width","value":0.1},{"name":"height","value":0.1},{"name":"Draw","value":1}],"portsOut":[{"name":"trigger","links":[{"portIn":"render","portOut":"trigger","objIn":"qveod3cf5","objOut":"c0v39kbq3"}]}]},{"opId":"334728ca-60a2-4a42-a059-d9b5f3fe4d32","id":"bcc0vke0a","uiAttribs":{"subPatch":"qv3evwrpy","history":{"createdAt":1677893038662,"createdBy":{"name":"n4hui"},"lastInteractionAt":1677893176819,"lastInteractionBy":{"name":"n4hui"}},"translate":{"x":-696.8635802591663,"y":-128.93956670467503}},"portsIn":[{"name":"Width","value":0.2},{"name":"Height","value":0.2},{"name":"ID","value":""},{"name":"Class","value":""},{"name":"Pivot x index","value":0},{"name":"Pivot x","value":"center"},{"name":"Pivot y index","value":0},{"name":"Pivot y","value":"center"},{"name":"Axis index","value":0},{"name":"Axis","value":"xy"},{"name":"Render Rectangle","value":0},{"name":"Show Boundings","value":0},{"name":"Cursor index","value":2},{"name":"Cursor","value":"pointer"},{"name":"Render","value":1,"title":"Active"}],"portsOut":[{"name":"Trigger out","links":[{"portIn":"render","portOut":"Trigger out","objIn":"c0v39kbq3","objOut":"bcc0vke0a"}]},{"name":"Pointer Hover","links":[{"portIn":"Boolean","portOut":"Pointer Hover","objIn":"98ogjnq9n","objOut":"bcc0vke0a"},{"portIn":"Pass Through","portOut":"Pointer Hover","objIn":"36cntsb81","objOut":"bcc0vke0a"}]},{"name":"Pointer Down","value":0},{"name":"Pointer X","value":0.6467846628154533},{"name":"Pointer Y","value":0.02982318499303771},{"name":"Top","value":14.933449349576904},{"name":"Left","value":507.4131125499639},{"name":"Right","value":533.2264339334051},{"name":"Bottom","value":40.74676214994952}]},{"opId":"650baeb1-db2d-4781-9af6-ab4e9d4277be","id":"ogggpyvci","uiAttribs":{"subPatch":"qv3evwrpy","history":{"createdAt":1677893083975,"createdBy":{"name":"n4hui"},"lastInteractionAt":1677893104442,"lastInteractionBy":{"name":"n4hui"}},"translate":{"x":-696.8635802591663,"y":-188.93956670467503}},"portsIn":[{"name":"posX","value":1.8},{"name":"posY","value":0.9},{"name":"posZ","value":0},{"name":"scale","value":1},{"name":"rotX","value":0},{"name":"rotY","value":0},{"name":"rotZ","value":0}],"portsOut":[{"name":"trigger","links":[{"portIn":"Trigger in","portOut":"trigger","objIn":"bcc0vke0a","objOut":"ogggpyvci"}]}]},{"opId":"331bc9dc-d44c-43bd-be18-a2673fba124e","id":"d3pju4lbb","uiAttribs":{"subPatch":"qv3evwrpy","history":{"createdAt":1677892993731,"createdBy":{"name":"n4hui"},"lastInteractionAt":1677893014919,"lastInteractionBy":{"name":"n4hui"}},"translate":{"x":-696.8635802591663,"y":191.06043329532497}},"portsIn":[{"name":"width","value":0.1},{"name":"height","value":0.1},{"name":"Draw","value":1}],"portsOut":[{"name":"trigger","links":[{"portIn":"Update","portOut":"trigger","objIn":"06jzd5oc2","objOut":"d3pju4lbb"}]}]},{"opId":"334728ca-60a2-4a42-a059-d9b5f3fe4d32","id":"ik2atg38j","uiAttribs":{"subPatch":"qv3evwrpy","history":{"createdAt":1677893038662,"createdBy":{"name":"n4hui"},"lastInteractionAt":1677893178618,"lastInteractionBy":{"name":"n4hui"}},"translate":{"x":-696.8635802591663,"y":51.06043329532497}},"portsIn":[{"name":"Width","value":0.2},{"name":"Height","value":0.2},{"name":"ID","value":""},{"name":"Class","value":""},{"name":"Pivot x index","value":0},{"name":"Pivot x","value":"center"},{"name":"Pivot y index","value":0},{"name":"Pivot y","value":"center"},{"name":"Axis index","value":0},{"name":"Axis","value":"xy"},{"name":"Render Rectangle","value":0},{"name":"Show Boundings","value":0},{"name":"Cursor index","value":2},{"name":"Cursor","value":"pointer"},{"name":"Render","value":1,"title":"Active"}],"portsOut":[{"name":"Trigger out","links":[{"portIn":"render","portOut":"Trigger out","objIn":"f37taycwq","objOut":"ik2atg38j"}]},{"name":"Pointer Hover","links":[{"portIn":"Boolean","portOut":"Pointer Hover","objIn":"jgyxep1zz","objOut":"ik2atg38j"},{"portIn":"Pass Through","portOut":"Pointer Hover","objIn":"36cntsb81","objOut":"ik2atg38j"}]},{"name":"Pointer Down","value":0},{"name":"Pointer X","value":0.9162782723218922},{"name":"Pointer Y","value":1},{"name":"Top","value":247.25323022065595},{"name":"Left","value":507.4131125499639},{"name":"Right","value":533.2264339334051},{"name":"Bottom","value":273.06654302102856}]},{"opId":"1f89ba0e-e7eb-46d7-8c66-7814b7c528b9","id":"qveod3cf5","uiAttribs":{"subPatch":"qv3evwrpy","history":{"createdAt":1677893118168,"createdBy":{"name":"n4hui"},"lastInteractionAt":1677893128515,"lastInteractionBy":{"name":"n4hui"}},"translate":{"x":-696.8635802591663,"y":-8.93956670467503}},"portsIn":[{"name":"x","value":0},{"name":"y","value":-1.8},{"name":"z","value":0}],"portsOut":[{"name":"trigger","links":[{"portIn":"Trigger in","portOut":"trigger","objIn":"ik2atg38j","objOut":"qveod3cf5"}]}]},{"opId":"650baeb1-db2d-4781-9af6-ab4e9d4277be","id":"f37taycwq","uiAttribs":{"subPatch":"qv3evwrpy","history":{"createdAt":1677893153707,"createdBy":{"name":"n4hui"},"lastInteractionAt":1677893167950,"lastInteractionBy":{"name":"n4hui"}},"translate":{"x":-696.8635802591663,"y":131.06043329532497}},"portsIn":[{"name":"posX","value":0},{"name":"posY","value":0},{"name":"posZ","value":0},{"name":"scale","value":1},{"name":"rotX","value":0},{"name":"rotY","value":0},{"name":"rotZ","value":180}],"portsOut":[{"name":"trigger","links":[{"portIn":"render","portOut":"trigger","objIn":"d3pju4lbb","objOut":"f37taycwq"}]}]},{"opId":"e3f68bc3-892a-4c78-9974-aca25c27025d","id":"dm1en82q9","uiAttribs":{"subPatch":"qv3evwrpy","translate":{"x":-707.8635802591663,"y":-328.93956670467503},"history":{"createdAt":1679012624770,"createdBy":{"name":"n4hui"},"lastInteractionAt":1679012624770,"lastInteractionBy":{"name":"n4hui"}}},"portsOut":[{"name":"create port","value":0},{"name":"in0 Ops.Ui.PatchInput in0 >mainLoop Trigger","links":[{"portIn":"render","portOut":"in0 Ops.Ui.PatchInput in0 >mainLoop Trigger","objIn":"ogggpyvci","objOut":"dm1en82q9"},{"portIn":"Trigger","portOut":"in0 Ops.Ui.PatchInput in0 >mainLoop Trigger","objIn":"6dhxcix0y","objOut":"dm1en82q9"},{"portIn":"Execute","portOut":"in0 Ops.Ui.PatchInput in0 >mainLoop Trigger","objIn":"36cntsb81","objOut":"dm1en82q9"}]}]},{"opId":"851b44cb-5667-4140-9800-5aeb7031f1d7","id":"vesb9om51","uiAttribs":{"subPatch":"qv3evwrpy","translate":{"x":-696.8635802591663,"y":531.060433295325},"history":{"createdAt":1679012624784,"createdBy":{"name":"n4hui"},"lastInteractionAt":1679012624784,"lastInteractionBy":{"name":"n4hui"}}},"portsIn":[{"name":"create port","value":0}]},{"opId":"84d9a6f0-ed7a-466d-b386-225ed9e89c60","id":"dqy2un8ia","uiAttribs":{"title":"Desplazamiento","translate":{"x":82.09806157354619,"y":-56.600010507788575},"history":{"createdAt":1679012624798,"createdBy":{"name":"n4hui"},"lastInteractionAt":1679012624798,"lastInteractionBy":{"name":"n4hui"}}},"storage":{"subPatchVer":1},"portsIn":[{"name":"create port","value":0},{"name":"dataStr","value":"{\"ports\":[{\"name\":\"in0 Ops.Ui.PatchInput in0 >mainLoop Trigger\",\"type\":1}],\"portsOut\":[{\"name\":\"out0 Smooth Result\",\"type\":0}]}"},{"name":"patchId","value":"qv3evwrpy"}],"portsOut":[{"name":"create port out","value":0},{"name":"out0 Smooth Result","links":[{"portIn":"in1 Desplazamiento out0 Smooth Result","portOut":"out0 Smooth Result","objIn":"29lj653ca","objOut":"dqy2un8ia"},{"portIn":"in1 Desplazamiento out0 Smooth Result","portOut":"out0 Smooth Result","objIn":"nt7tq6q0h","objOut":"dqy2un8ia"},{"portIn":"in1 Desplazamiento out0 Smooth Result","portOut":"out0 Smooth Result","objIn":"k7t0rkmr4","objOut":"dqy2un8ia"},{"portIn":"in1 Desplazamiento out0 Smooth Result","portOut":"out0 Smooth Result","objIn":"bet2s7owm","objOut":"dqy2un8ia"},{"portIn":"in2 Desplazamiento out0 Smooth Result","portOut":"out0 Smooth Result","objIn":"k7t0rkmr4","objOut":"dqy2un8ia"}]}]},{"opId":"a466bc1f-06e9-4595-8849-bffb9fe22f99","id":"5iwfgj1nt","uiAttribs":{"resizable":true,"resizableY":false,"stretchPorts":true,"history":{"createdAt":1679012648330,"createdBy":{"name":"n4hui"},"lastInteractionAt":1679012648330,"lastInteractionBy":{"name":"n4hui"}},"translate":{"x":-73.90193842645381,"y":-120.15963511972635}},"portsOut":[{"name":"trigger 0","links":[{"portIn":"in0 Ops.Ui.PatchInput in0 >mainLoop Trigger","portOut":"trigger 0","objIn":"29lj653ca","objOut":"5iwfgj1nt"}]},{"name":"trigger 15","links":[{"portIn":"in0 Ops.Ui.PatchInput in0 >mainLoop Trigger","portOut":"trigger 15","objIn":"dqy2un8ia","objOut":"5iwfgj1nt"}]}]},{"opId":"7c96fee9-4c2f-45e1-a41b-096b06d286b8","id":"6dhxcix0y","uiAttribs":{"subPatch":"qv3evwrpy","history":{"createdAt":1679029996748,"createdBy":{"name":"n4hui"},"lastInteractionAt":1679029996748,"lastInteractionBy":{"name":"n4hui"}},"translate":{"x":-516.8635802591662,"y":-128.93956670467503}},"portsOut":[{"name":"Was Triggered","links":[{"portIn":"Is Interactive","portOut":"Was Triggered","objIn":"bcc0vke0a","objOut":"6dhxcix0y"},{"portIn":"Is Interactive","portOut":"Was Triggered","objIn":"ik2atg38j","objOut":"6dhxcix0y"}]}]},{"opId":"637c5fa8-840d-4535-96ab-3d27b458a8ba","id":"98ogjnq9n","uiAttribs":{"subPatch":"qv3evwrpy","history":{"createdAt":1679030556698,"createdBy":{"name":"n4hui"},"lastInteractionAt":1679030564638,"lastInteractionBy":{"name":"n4hui"}},"translate":{"x":-492.8635802591662,"y":-8.93956670467503}},"portsIn":[{"name":"Value false","value":0}],"portsOut":[{"name":"Result","links":[{"portIn":"Delta Value","portOut":"Result","objIn":"fucw8m4jn","objOut":"98ogjnq9n"}]}]},{"opId":"637c5fa8-840d-4535-96ab-3d27b458a8ba","id":"jgyxep1zz","uiAttribs":{"subPatch":"qv3evwrpy","history":{"createdAt":1679030556698,"createdBy":{"name":"n4hui"},"lastInteractionAt":1679030579556,"lastInteractionBy":{"name":"n4hui"}},"translate":{"x":-360.8635802591662,"y":111.06043329532497}},"portsIn":[{"name":"Value false","value":0}],"portsOut":[{"name":"Result","links":[{"portIn":"Delta Value","portOut":"Result","objIn":"fucw8m4jn","objOut":"jgyxep1zz"}]}]},{"opId":"d3356c53-e278-433f-af0b-d8327cd99a2d","id":"63kdbk57r","uiAttribs":{"subPatch":"qv3evwrpy","history":{"createdAt":1679030655338,"createdBy":{"name":"n4hui"},"lastInteractionAt":1679030709695,"lastInteractionBy":{"name":"n4hui"}},"translate":{"x":-348.8635802591662,"y":-128.93956670467503}},"portsIn":[{"name":"Loop min","value":0},{"name":"Loop max","value":1}],"portsOut":[{"name":"current count","links":[{"portIn":"number1","portOut":"current count","objIn":"bzvjvklns","objOut":"63kdbk57r"},{"portIn":"number1","portOut":"current count","objIn":"4texk2fl5","objOut":"63kdbk57r"}]}]},{"opId":"1bbdae06-fbb2-489b-9bcc-36c9d65bd441","id":"bzvjvklns","uiAttribs":{"title":"*","mathTitle":true,"subPatch":"qv3evwrpy","history":{"createdAt":1679030716642,"createdBy":{"name":"n4hui"},"lastInteractionAt":1679032584977,"lastInteractionBy":{"name":"n4hui"}},"translate":{"x":-468.8635802591662,"y":-48.93956670467503}},"portsIn":[{"name":"number2","value":-0.1}],"portsOut":[{"name":"result","links":[{"portIn":"Value true","portOut":"result","objIn":"98ogjnq9n","objOut":"bzvjvklns"}]}]},{"opId":"1bbdae06-fbb2-489b-9bcc-36c9d65bd441","id":"4texk2fl5","uiAttribs":{"title":"*","mathTitle":true,"subPatch":"qv3evwrpy","history":{"createdAt":1679030716642,"createdBy":{"name":"n4hui"},"lastInteractionAt":1679032588035,"lastInteractionBy":{"name":"n4hui"}},"translate":{"x":-336.8635802591662,"y":51.06043329532497}},"portsIn":[{"name":"number2","value":0.1}],"portsOut":[{"name":"result","links":[{"portIn":"Value true","portOut":"result","objIn":"jgyxep1zz","objOut":"4texk2fl5"}]}]},{"opId":"65e8b8a2-ba13-485f-883a-2bcf377989da","id":"36cntsb81","uiAttribs":{"subPatch":"qv3evwrpy","history":{"createdAt":1679030930742,"createdBy":{"name":"n4hui"},"lastInteractionAt":1679030930742,"lastInteractionBy":{"name":"n4hui"}},"translate":{"x":-348.8635802591662,"y":-248.93956670467503}},"portsOut":[{"name":"Trigger out","links":[{"portIn":"In Trigger","portOut":"Trigger out","objIn":"pwk5liv1e","objOut":"36cntsb81"}]}]},{"opId":"334728ca-60a2-4a42-a059-d9b5f3fe4d32","id":"5h0adwuob","uiAttribs":{"subPatch":"lkhr8cnbt","history":{"createdAt":1679031542439,"createdBy":{"name":"n4hui"},"lastInteractionAt":1679031657173,"lastInteractionBy":{"name":"n4hui"}},"translate":{"x":503.13641974083373,"y":551.060433295325}},"portsIn":[{"name":"Width","value":3},{"name":"Height","value":1},{"name":"ID","value":""},{"name":"Class","value":""},{"name":"Pivot x index","value":0},{"name":"Pivot x","value":"center"},{"name":"Pivot y index","value":0},{"name":"Pivot y","value":"center"},{"name":"Axis index","value":0},{"name":"Axis","value":"xy"},{"name":"Render Rectangle","value":1},{"name":"Show Boundings","value":0},{"name":"Cursor index","value":2},{"name":"Cursor","value":"pointer"},{"name":"Render","value":1,"title":"Active"}],"portsOut":[{"name":"Trigger out","links":[{"portIn":"Render","portOut":"Trigger out","objIn":"8a8wr98s9","objOut":"5h0adwuob"}]},{"name":"Pointer Hover","value":0},{"name":"Pointer Down","value":0},{"name":"Pointer X","value":0.8057858924242522},{"name":"Pointer Y","value":0.34917312540066914},{"name":"Top","value":263.38654964800526},{"name":"Left","value":39.546883489108495},{"name":"Right","value":97.6268265611111},{"name":"Bottom","value":282.7465363940519},{"name":"Left Click","links":[{"portIn":"Trigger","portOut":"Left Click","objIn":"g7f6gzdky","objOut":"5h0adwuob"}]}]},{"opId":"650baeb1-db2d-4781-9af6-ab4e9d4277be","id":"vgm8d73bf","uiAttribs":{"subPatch":"lkhr8cnbt","history":{"createdAt":1679031595697,"createdBy":{"name":"n4hui"},"lastInteractionAt":1679031708292,"lastInteractionBy":{"name":"n4hui"}},"translate":{"x":719.1364197408337,"y":451.06043329532497}},"portsIn":[{"name":"posX","value":3.4},{"name":"posY","value":0},{"name":"posZ","value":0},{"name":"scale","value":1},{"name":"rotX","value":0},{"name":"rotY","value":0},{"name":"rotZ","value":0}],"portsOut":[{"name":"trigger","links":[{"portIn":"Trigger in","portOut":"trigger","objIn":"kvv2wbyc7","objOut":"vgm8d73bf"}]}]},{"opId":"2390f6b3-2122-412e-8c8d-5c2f574e8bd1","id":"5qe4niwxp","uiAttribs":{"subPatch":"lkhr8cnbt","history":{"createdAt":1676398216447,"createdBy":{"name":"n4hui"},"lastInteractionAt":1679031531757,"lastInteractionBy":{"name":"n4hui"}},"translate":{"x":719.1364197408337,"y":691.060433295325}},"portsIn":[{"name":"Text","value":"Artículo"},{"name":"Scale","value":1},{"name":"Font","value":"Arial"},{"name":"align index","value":1},{"name":"align","value":"center"},{"name":"vertical align index","value":1},{"name":"vertical align","value":"Middle"},{"name":"Line Height","value":1},{"name":"Letter Spacing","value":0},{"name":"filter index","value":2},{"name":"filter","value":"mipmap"},{"name":"Anisotropic index","value":0},{"name":"Anisotropic","value":0},{"name":"r","value":0},{"name":"g","value":0},{"name":"b","value":0},{"name":"a","value":1}],"portsOut":[{"name":"Total Lines","value":1},{"name":"Width","value":1.2107631138392858},{"name":"Font Available","value":0}]},{"opId":"334728ca-60a2-4a42-a059-d9b5f3fe4d32","id":"kvv2wbyc7","uiAttribs":{"subPatch":"lkhr8cnbt","history":{"createdAt":1679031542439,"createdBy":{"name":"n4hui"},"lastInteractionAt":1679031654456,"lastInteractionBy":{"name":"n4hui"}},"translate":{"x":719.1364197408337,"y":551.060433295325}},"portsIn":[{"name":"Width","value":3},{"name":"Height","value":1},{"name":"ID","value":""},{"name":"Class","value":""},{"name":"Pivot x index","value":0},{"name":"Pivot x","value":"center"},{"name":"Pivot y index","value":0},{"name":"Pivot y","value":"center"},{"name":"Axis index","value":0},{"name":"Axis","value":"xy"},{"name":"Render Rectangle","value":1},{"name":"Show Boundings","value":0},{"name":"Cursor index","value":2},{"name":"Cursor","value":"pointer"},{"name":"Render","value":1,"title":"Active"}],"portsOut":[{"name":"Trigger out","links":[{"portIn":"Render","portOut":"Trigger out","objIn":"5qe4niwxp","objOut":"kvv2wbyc7"}]},{"name":"Pointer Hover","value":0},{"name":"Pointer Down","value":0},{"name":"Pointer X","value":0.7283062644325846},{"name":"Pointer Y","value":0.16322258980086024},{"name":"Top","value":263.38654964800526},{"name":"Left","value":105.37081439307485},{"name":"Right","value":163.4507746312147},{"name":"Bottom","value":282.7465363940519},{"name":"Left Click","links":[{"portIn":"Trigger","portOut":"Left Click","objIn":"glw6we0xh","objOut":"kvv2wbyc7"}]}]},{"opId":"7c96fee9-4c2f-45e1-a41b-096b06d286b8","id":"ow8q2mxz7","uiAttribs":{"subPatch":"lkhr8cnbt","history":{"createdAt":1679031730792,"createdBy":{"name":"n4hui"},"lastInteractionAt":1679031730792,"lastInteractionBy":{"name":"n4hui"}},"translate":{"x":659.1364197408337,"y":491.06043329532497}},"portsOut":[{"name":"Was Triggered","links":[{"portIn":"Is Interactive","portOut":"Was Triggered","objIn":"5h0adwuob","objOut":"ow8q2mxz7"},{"portIn":"Is Interactive","portOut":"Was Triggered","objIn":"kvv2wbyc7","objOut":"ow8q2mxz7"}]}]},{"opId":"2c29baf0-2af2-486d-9218-4299594ee9c1","id":"g7f6gzdky","uiAttribs":{"title":"var set","subPatch":"lkhr8cnbt","history":{"createdAt":1679031762596,"createdBy":{"name":"n4hui"},"lastInteractionAt":1679031762596,"lastInteractionBy":{"name":"n4hui"}},"translate":{"x":623.1364197408337,"y":611.060433295325}},"portsIn":[{"name":"Value","value":0},{"name":"Variable","value":"artsec"}]},{"opId":"2c29baf0-2af2-486d-9218-4299594ee9c1","id":"glw6we0xh","uiAttribs":{"title":"var set","subPatch":"lkhr8cnbt","history":{"createdAt":1679031762596,"createdBy":{"name":"n4hui"},"lastInteractionAt":1679031850897,"lastInteractionBy":{"name":"n4hui"}},"translate":{"x":839.1364197408337,"y":571.060433295325}},"portsIn":[{"name":"Value","value":1},{"name":"Variable","value":"artsec"}]},{"opId":"650baeb1-db2d-4781-9af6-ab4e9d4277be","id":"racywdr8v","uiAttribs":{"subPatch":"mmvlpwmud","history":{"createdAt":1679032355567,"createdBy":{"name":"n4hui"},"lastInteractionAt":1679033831155,"lastInteractionBy":{"name":"n4hui"}},"translate":{"x":-96.86358025916627,"y":231.06043329532497}},"portsIn":[{"name":"posX","value":0},{"name":"posY","value":1.75},{"name":"posZ","value":0},{"name":"scale","value":1},{"name":"rotX","value":0},{"name":"rotY","value":0},{"name":"rotZ","value":0}],"portsOut":[{"name":"trigger","links":[{"portIn":"render","portOut":"trigger","objIn":"4x1l838u7","objOut":"racywdr8v"}]}]},{"opId":"b250d606-f7f8-44d3-b099-c29efff2608a","id":"9e9l8vaju","uiAttribs":{"title":">","mathTitle":true,"subPatch":"bh9fk3giq","history":{"createdAt":1679032700764,"createdBy":{"name":"n4hui"},"lastInteractionAt":1679035101447,"lastInteractionBy":{"name":"n4hui"}},"translate":{"x":-588.8635802591663,"y":611.060433295325}},"portsIn":[{"name":"number2","value":0}],"portsOut":[{"name":"result","links":[{"portIn":"bool","portOut":"result","objIn":"1kw69t4lh","objOut":"9e9l8vaju"}]}]},{"opId":"06ad9d35-ccf5-4d31-889c-e23fa062588a","id":"1kw69t4lh","uiAttribs":{"subPatch":"bh9fk3giq","history":{"createdAt":1679032743373,"createdBy":{"name":"n4hui"},"lastInteractionAt":1679067908171,"lastInteractionBy":{"name":"n4hui"}},"translate":{"x":-600.8635802591663,"y":671.060433295325}},"portsIn":[{"name":"easing index","value":12},{"name":"easing","value":"Sin In Out"},{"name":"duration","value":0.5},{"name":"Direction index","value":1},{"name":"Direction","value":"Only True"},{"name":"value false","value":0},{"name":"value true","value":2.32}],"portsOut":[{"name":"trigger","links":[{"portIn":"render","portOut":"trigger","objIn":"wlv2xunml","objOut":"1kw69t4lh"}]},{"name":"value","links":[{"portIn":"width","portOut":"value","objIn":"wlv2xunml","objOut":"1kw69t4lh"}]},{"name":"finished","value":1}]},{"opId":"82bb2f8a-77f4-4218-a3ae-8f158f1b7fb1","id":"ew9vwv2ag","uiAttribs":{"subPatch":"bh9fk3giq","history":{"createdAt":1676397248793,"createdBy":{"name":"n4hui"},"lastInteractionAt":1679033294026,"lastInteractionBy":{"name":"n4hui"}},"translate":{"x":-948.8635802591662,"y":571.060433295325},"color":null},"portsIn":[{"name":"render","title":"Trigger"},{"name":"dorender","value":1,"title":"Render"},{"name":"width","value":1},{"name":"height","value":2},{"name":"pivot x index","value":1},{"name":"pivot x","value":"center"},{"name":"pivot y index","value":1},{"name":"pivot y","value":"center"},{"name":"axis index","value":0},{"name":"axis","value":"xy"},{"name":"Flip TexCoord X","value":0},{"name":"Flip TexCoord Y","value":1},{"name":"num columns","value":1},{"name":"num rows","value":1}]},{"opId":"ec55d252-3843-41b1-b731-0482dbd9e72b","id":"s9p9xs2bw","uiAttribs":{"subPatch":"bh9fk3giq","history":{"createdAt":1676397394071,"createdBy":{"name":"n4hui"},"lastInteractionAt":1717726850876,"lastInteractionBy":{"name":"tlatelolco04"}},"translate":{"x":-600.8635802591663,"y":531.060433295325},"color":null},"portsIn":[{"name":"r","value":1},{"name":"g","value":0.8975704446245798},{"name":"b","value":0.22151029109954834},{"name":"a","value":1},{"name":"colorizeTexture","value":0},{"name":"Vertex Colors","value":0},{"name":"Alpha Mask Source index","value":0},{"name":"Alpha Mask Source","value":"Luminance"},{"name":"Opacity TexCoords Transform","value":0},{"name":"Discard Transparent Pixels","value":0},{"name":"diffuseRepeatX","value":1},{"name":"diffuseRepeatY","value":1},{"name":"Tex Offset X","value":0},{"name":"Tex Offset Y","value":0},{"name":"Crop TexCoords","value":0},{"name":"billboard","value":0}],"portsOut":[{"name":"trigger","links":[{"portIn":"exe","portOut":"trigger","objIn":"1kw69t4lh","objOut":"s9p9xs2bw"}]}]},{"opId":"a466bc1f-06e9-4595-8849-bffb9fe22f99","id":"b67obahpu","uiAttribs":{"resizable":true,"resizableY":false,"stretchPorts":true,"subPatch":"bh9fk3giq","history":{"createdAt":1679032797473,"createdBy":{"name":"n4hui"},"lastInteractionAt":1679032797473,"lastInteractionBy":{"name":"n4hui"}},"translate":{"x":-852.8635802591662,"y":311.06043329532497}},"portsOut":[{"name":"trigger 0","links":[{"portIn":"render","portOut":"trigger 0","objIn":"lpo1orb6e","objOut":"b67obahpu"}]},{"name":"trigger 8","links":[{"portIn":"render","portOut":"trigger 8","objIn":"ud9xv6wll","objOut":"b67obahpu"}]},{"name":"trigger 15","links":[{"portIn":"render","portOut":"trigger 15","objIn":"2f5y6cgsn","objOut":"b67obahpu"}]}]},{"opId":"47641d85-9f81-4287-8aa2-35753b0727e0","id":"pwk5liv1e","uiAttribs":{"subPatch":"qv3evwrpy","history":{"createdAt":1679033564094,"createdBy":{"name":"n4hui"},"lastInteractionAt":1679033573940,"lastInteractionBy":{"name":"n4hui"}},"translate":{"x":-348.8635802591662,"y":-188.93956670467503}},"portsIn":[{"name":"Milliseconds","value":10}],"portsOut":[{"name":"Out Trigger","links":[{"portIn":"trigger in","portOut":"Out Trigger","objIn":"63kdbk57r","objOut":"pwk5liv1e"}]},{"name":"Progress","value":1}]},{"opId":"a466bc1f-06e9-4595-8849-bffb9fe22f99","id":"35l37gxi9","uiAttribs":{"resizable":true,"resizableY":false,"stretchPorts":true,"subPatch":"mmvlpwmud","history":{"createdAt":1679033878298,"createdBy":{"name":"n4hui"},"lastInteractionAt":1679033878298,"lastInteractionBy":{"name":"n4hui"}},"translate":{"x":119.13641974083373,"y":131.06043329532497}},"portsOut":[{"name":"trigger 0","links":[{"portIn":"render","portOut":"trigger 0","objIn":"racywdr8v","objOut":"35l37gxi9"}]},{"name":"trigger 7","links":[{"portIn":"render","portOut":"trigger 7","objIn":"n8qkbw1b2","objOut":"35l37gxi9"}]},{"name":"trigger 15","links":[{"portIn":"render","portOut":"trigger 15","objIn":"9mxg8pmfg","objOut":"35l37gxi9"}]}]},{"opId":"ec55d252-3843-41b1-b731-0482dbd9e72b","id":"j96gvce2p","uiAttribs":{"subPatch":"mmvlpwmud","history":{"createdAt":1676397394071,"createdBy":{"name":"n4hui"},"lastInteractionAt":1717726381841,"lastInteractionBy":{"name":"tlatelolco04"}},"translate":{"x":203.13641974083373,"y":291.06043329532497},"color":null},"portsIn":[{"name":"r","value":0.5333333333333333},{"name":"g","value":0.7411764705882353},{"name":"b","value":1},{"name":"a","value":1},{"name":"colorizeTexture","value":0},{"name":"Vertex Colors","value":0},{"name":"Alpha Mask Source index","value":0},{"name":"Alpha Mask Source","value":"Luminance"},{"name":"Opacity TexCoords Transform","value":0},{"name":"Discard Transparent Pixels","value":0},{"name":"diffuseRepeatX","value":1},{"name":"diffuseRepeatY","value":1},{"name":"Tex Offset X","value":0},{"name":"Tex Offset Y","value":0},{"name":"Crop TexCoords","value":0},{"name":"billboard","value":0}],"portsOut":[{"name":"trigger","links":[{"portIn":"exe","portOut":"trigger","objIn":"30qmzqke6","objOut":"j96gvce2p"}]}]},{"opId":"650baeb1-db2d-4781-9af6-ab4e9d4277be","id":"n8qkbw1b2","uiAttribs":{"subPatch":"mmvlpwmud","history":{"createdAt":1679032355567,"createdBy":{"name":"n4hui"},"lastInteractionAt":1679033831155,"lastInteractionBy":{"name":"n4hui"}},"translate":{"x":203.13641974083373,"y":211.06043329532497}},"portsIn":[{"name":"posX","value":0},{"name":"posY","value":1.75},{"name":"posZ","value":0},{"name":"scale","value":1},{"name":"rotX","value":0},{"name":"rotY","value":0},{"name":"rotZ","value":0}],"portsOut":[{"name":"trigger","links":[{"portIn":"render","portOut":"trigger","objIn":"j96gvce2p","objOut":"n8qkbw1b2"}]}]},{"opId":"06ad9d35-ccf5-4d31-889c-e23fa062588a","id":"30qmzqke6","uiAttribs":{"subPatch":"mmvlpwmud","history":{"createdAt":1679034058034,"createdBy":{"name":"n4hui"},"lastInteractionAt":1679067343907,"lastInteractionBy":{"name":"n4hui"}},"translate":{"x":203.13641974083373,"y":431.06043329532497}},"portsIn":[{"name":"easing index","value":12},{"name":"easing","value":"Sin In Out"},{"name":"duration","value":1},{"name":"Direction index","value":0},{"name":"Direction","value":"Both"},{"name":"value false","value":0},{"name":"value true","value":2}],"portsOut":[{"name":"trigger","links":[{"portIn":"render","portOut":"trigger","objIn":"wvp1if6ec","objOut":"30qmzqke6"}]},{"name":"value","links":[{"portIn":"height","portOut":"value","objIn":"wvp1if6ec","objOut":"30qmzqke6"}]},{"name":"finished","value":1}]},{"opId":"82bb2f8a-77f4-4218-a3ae-8f158f1b7fb1","id":"wvp1if6ec","uiAttribs":{"subPatch":"mmvlpwmud","history":{"createdAt":1676397248793,"createdBy":{"name":"n4hui"},"lastInteractionAt":1679034250965,"lastInteractionBy":{"name":"n4hui"}},"translate":{"x":203.13641974083373,"y":491.06043329532497},"color":null},"portsIn":[{"name":"render","title":"Trigger"},{"name":"dorender","value":1,"title":"Render"},{"name":"width","value":4},{"name":"pivot x index","value":1},{"name":"pivot x","value":"center"},{"name":"pivot y index","value":0},{"name":"pivot y","value":"top"},{"name":"axis index","value":0},{"name":"axis","value":"xy"},{"name":"Flip TexCoord X","value":0},{"name":"Flip TexCoord Y","value":1},{"name":"num columns","value":1},{"name":"num rows","value":1}]},{"opId":"e62f7f4c-7436-437e-8451-6bc3c28545f7","id":"3c73ogk1t","uiAttribs":{"loading":false,"subPatch":"mmvlpwmud","history":{"createdAt":1679034643698,"createdBy":{"name":"n4hui"},"lastInteractionAt":1679034643698,"lastInteractionBy":{"name":"n4hui"}},"translate":{"x":-192.8635802591662,"y":-48.93956670467503}},"portsIn":[{"name":"PreRender Ops","value":0},{"name":"Play Timeline","value":1}],"portsOut":[{"name":"Next","links":[{"portIn":"render","portOut":"Next","objIn":"4o2connbk","objOut":"3c73ogk1t"}]},{"name":"Finished Initial Loading","value":1},{"name":"Loading","value":0},{"name":"Progress","links":[{"portIn":"number1","portOut":"Progress","objIn":"7tvcdj9go","objOut":"3c73ogk1t"}]}]},{"opId":"b250d606-f7f8-44d3-b099-c29efff2608a","id":"7tvcdj9go","uiAttribs":{"title":">","mathTitle":true,"subPatch":"mmvlpwmud","history":{"createdAt":1679034670944,"createdBy":{"name":"n4hui"},"lastInteractionAt":1679034676543,"lastInteractionBy":{"name":"n4hui"}},"translate":{"x":215.13641974083373,"y":371.06043329532497}},"portsIn":[{"name":"number2","value":0.9}],"portsOut":[{"name":"result","links":[{"portIn":"bool","portOut":"result","objIn":"30qmzqke6","objOut":"7tvcdj9go"}]}]},{"opId":"650baeb1-db2d-4781-9af6-ab4e9d4277be","id":"ud9xv6wll","uiAttribs":{"subPatch":"bh9fk3giq","history":{"createdAt":1679034949789,"createdBy":{"name":"n4hui"},"lastInteractionAt":1679067869309,"lastInteractionBy":{"name":"n4hui"}},"translate":{"x":-600.8635802591663,"y":411.06043329532497}},"portsIn":[{"name":"posX","value":0.5},{"name":"posY","value":-0.53},{"name":"posZ","value":0},{"name":"scale","value":1},{"name":"rotX","value":0},{"name":"rotY","value":0},{"name":"rotZ","value":0}],"portsOut":[{"name":"trigger","links":[{"portIn":"render","portOut":"trigger","objIn":"s9p9xs2bw","objOut":"ud9xv6wll"}]}]},{"opId":"a466bc1f-06e9-4595-8849-bffb9fe22f99","id":"lvznxb3cv","uiAttribs":{"resizable":true,"resizableY":false,"stretchPorts":true,"subPatch":"lkhr8cnbt","history":{"createdAt":1679035186391,"createdBy":{"name":"n4hui"},"lastInteractionAt":1679035186391,"lastInteractionBy":{"name":"n4hui"}},"translate":{"x":-72.86358025916627,"y":251.06043329532497}},"portsOut":[{"name":"trigger 0","links":[{"portIn":"render","portOut":"trigger 0","objIn":"v6zx0aiar","objOut":"lvznxb3cv"}]},{"name":"trigger 8","links":[{"portIn":"render","portOut":"trigger 8","objIn":"vg8m84uca","objOut":"lvznxb3cv"}]},{"name":"trigger 15","links":[{"portIn":"render","portOut":"trigger 15","objIn":"jreykpgud","objOut":"lvznxb3cv"}]}]},{"opId":"82bb2f8a-77f4-4218-a3ae-8f158f1b7fb1","id":"7ji9rk57a","uiAttribs":{"subPatch":"lkhr8cnbt","history":{"createdAt":1676397248793,"createdBy":{"name":"n4hui"},"lastInteractionAt":1676397582373,"lastInteractionBy":{"name":"n4hui"}},"translate":{"x":-72.86358025916627,"y":591.060433295325},"color":null},"portsIn":[{"name":"render","title":"Trigger"},{"name":"dorender","value":1,"title":"Render"},{"name":"width","value":4},{"name":"height","value":0.25},{"name":"pivot x index","value":1},{"name":"pivot x","value":"center"},{"name":"pivot y index","value":1},{"name":"pivot y","value":"center"},{"name":"axis index","value":0},{"name":"axis","value":"xy"},{"name":"Flip TexCoord X","value":0},{"name":"Flip TexCoord Y","value":1},{"name":"num columns","value":1},{"name":"num rows","value":1}]},{"opId":"ec55d252-3843-41b1-b731-0482dbd9e72b","id":"v6zx0aiar","uiAttribs":{"subPatch":"lkhr8cnbt","history":{"createdAt":1676397394071,"createdBy":{"name":"n4hui"},"lastInteractionAt":1717726560797,"lastInteractionBy":{"name":"tlatelolco04"}},"translate":{"x":-72.86358025916627,"y":411.06043329532497},"color":null},"portsIn":[{"name":"r","value":0.5656582587886572},{"name":"g","value":0.9155576324462891},{"name":"b","value":0.5481828427679215},{"name":"a","value":1},{"name":"colorizeTexture","value":0},{"name":"Vertex Colors","value":0},{"name":"Alpha Mask Source index","value":0},{"name":"Alpha Mask Source","value":"Luminance"},{"name":"Opacity TexCoords Transform","value":0},{"name":"Discard Transparent Pixels","value":0},{"name":"diffuseRepeatX","value":1},{"name":"diffuseRepeatY","value":1},{"name":"Tex Offset X","value":0},{"name":"Tex Offset Y","value":0},{"name":"Crop TexCoords","value":0},{"name":"billboard","value":0}],"portsOut":[{"name":"trigger","links":[{"portIn":"render","portOut":"trigger","objIn":"7ji9rk57a","objOut":"v6zx0aiar"}]}]},{"opId":"ec55d252-3843-41b1-b731-0482dbd9e72b","id":"jreykpgud","uiAttribs":{"subPatch":"lkhr8cnbt","history":{"createdAt":1676397394071,"createdBy":{"name":"n4hui"},"lastInteractionAt":1717726588985,"lastInteractionBy":{"name":"tlatelolco04"}},"translate":{"x":503.13641974083373,"y":331.06043329532497},"color":null},"portsIn":[{"name":"r","value":0.2881103740481438},{"name":"g","value":0.7614214833577474},{"name":"b","value":0.26683796464097065},{"name":"a","value":1},{"name":"colorizeTexture","value":0},{"name":"Vertex Colors","value":0},{"name":"Alpha Mask Source index","value":0},{"name":"Alpha Mask Source","value":"Luminance"},{"name":"Opacity TexCoords Transform","value":0},{"name":"Discard Transparent Pixels","value":0},{"name":"diffuseRepeatX","value":1},{"name":"diffuseRepeatY","value":1},{"name":"Tex Offset X","value":0},{"name":"Tex Offset Y","value":0},{"name":"Crop TexCoords","value":0},{"name":"billboard","value":0}],"portsOut":[{"name":"trigger","links":[{"portIn":"render","portOut":"trigger","objIn":"dk0fyqk0k","objOut":"jreykpgud"}]}]},{"opId":"e62f7f4c-7436-437e-8451-6bc3c28545f7","id":"sazqeqe93","uiAttribs":{"loading":false,"subPatch":"lkhr8cnbt","history":{"createdAt":1679035384897,"createdBy":{"name":"n4hui"},"lastInteractionAt":1679035384897,"lastInteractionBy":{"name":"n4hui"}},"translate":{"x":-180.8635802591662,"y":131.06043329532497}},"portsIn":[{"name":"PreRender Ops","value":0},{"name":"Play Timeline","value":1}],"portsOut":[{"name":"Next","links":[{"portIn":"out0 Ops.Gl.Matrix.Transform trigger","portOut":"Next","objIn":"z40y4ssli","objOut":"sazqeqe93"},{"portIn":"render","portOut":"Next","objIn":"pfwfr097h","objOut":"sazqeqe93"}]},{"name":"Finished Initial Loading","value":1},{"name":"Loading","value":0},{"name":"Progress","links":[{"portIn":"number1","portOut":"Progress","objIn":"umrh4f3j5","objOut":"sazqeqe93"}]}]},{"opId":"06ad9d35-ccf5-4d31-889c-e23fa062588a","id":"z0wa1alz3","uiAttribs":{"subPatch":"lkhr8cnbt","history":{"createdAt":1679035425213,"createdBy":{"name":"n4hui"},"lastInteractionAt":1679067333838,"lastInteractionBy":{"name":"n4hui"}},"translate":{"x":203.13641974083373,"y":531.060433295325}},"portsIn":[{"name":"easing index","value":12},{"name":"easing","value":"Sin In Out"},{"name":"duration","value":1},{"name":"Direction index","value":0},{"name":"Direction","value":"Both"},{"name":"value false","value":0},{"name":"value true","value":4}],"portsOut":[{"name":"trigger","links":[{"portIn":"render","portOut":"trigger","objIn":"bth2zvt5g","objOut":"z0wa1alz3"}]},{"name":"value","links":[{"portIn":"width","portOut":"value","objIn":"bth2zvt5g","objOut":"z0wa1alz3"}]},{"name":"finished","value":1}]},{"opId":"b250d606-f7f8-44d3-b099-c29efff2608a","id":"umrh4f3j5","uiAttribs":{"title":">","mathTitle":true,"subPatch":"lkhr8cnbt","history":{"createdAt":1679035441250,"createdBy":{"name":"n4hui"},"lastInteractionAt":1679035448623,"lastInteractionBy":{"name":"n4hui"}},"translate":{"x":215.13641974083373,"y":471.06043329532497}},"portsIn":[{"name":"number2","value":0.9}],"portsOut":[{"name":"result","links":[{"portIn":"bool","portOut":"result","objIn":"z0wa1alz3","objOut":"umrh4f3j5"}]}]},{"opId":"650baeb1-db2d-4781-9af6-ab4e9d4277be","id":"vg8m84uca","uiAttribs":{"subPatch":"lkhr8cnbt","history":{"createdAt":1679035516143,"createdBy":{"name":"n4hui"},"lastInteractionAt":1679035527273,"lastInteractionBy":{"name":"n4hui"}},"translate":{"x":203.13641974083373,"y":351.06043329532497}},"portsIn":[{"name":"posX","value":-2},{"name":"posY","value":0},{"name":"posZ","value":0},{"name":"scale","value":1},{"name":"rotX","value":0},{"name":"rotY","value":0},{"name":"rotZ","value":0}],"portsOut":[{"name":"trigger","links":[{"portIn":"render","portOut":"trigger","objIn":"1c9ibxirt","objOut":"vg8m84uca"}]}]},{"opId":"ec55d252-3843-41b1-b731-0482dbd9e72b","id":"d9f35heso","uiAttribs":{"subPatch":"08m67o24d","history":{"createdAt":1676397394071,"createdBy":{"name":"n4hui"},"lastInteractionAt":1717726796678,"lastInteractionBy":{"name":"tlatelolco04"}},"translate":{"x":131.13641974083373,"y":611.060433295325},"color":null},"portsIn":[{"name":"r","value":0.7931985906049623},{"name":"g","value":0.3984286635529256},{"name":"b","value":0.9959384493033091},{"name":"a","value":1},{"name":"colorizeTexture","value":0},{"name":"Vertex Colors","value":0},{"name":"Alpha Mask Source index","value":0},{"name":"Alpha Mask Source","value":"Luminance"},{"name":"Opacity TexCoords Transform","value":0},{"name":"Discard Transparent Pixels","value":0},{"name":"diffuseRepeatX","value":1},{"name":"diffuseRepeatY","value":1},{"name":"Tex Offset X","value":0},{"name":"Tex Offset Y","value":0},{"name":"Crop TexCoords","value":0},{"name":"billboard","value":0}],"portsOut":[{"name":"trigger","links":[{"portIn":"exe","portOut":"trigger","objIn":"k9g303qgg","objOut":"d9f35heso"},{"portIn":"Trigger","portOut":"trigger","objIn":"95ra8gsbm","objOut":"d9f35heso"}]}]},{"opId":"2390f6b3-2122-412e-8c8d-5c2f574e8bd1","id":"ityt8ffhd","uiAttribs":{"subPatch":"08m67o24d","history":{"createdAt":1676398216447,"createdBy":{"name":"n4hui"},"lastInteractionAt":1679036386137,"lastInteractionBy":{"name":"n4hui"}},"translate":{"x":395.13641974083373,"y":611.060433295325}},"portsIn":[{"name":"Text","value":"Sección"},{"name":"Scale","value":1},{"name":"Font","value":"Arial"},{"name":"align index","value":1},{"name":"align","value":"center"},{"name":"vertical align index","value":1},{"name":"vertical align","value":"Middle"},{"name":"Line Height","value":1},{"name":"Letter Spacing","value":0},{"name":"filter index","value":2},{"name":"filter","value":"mipmap"},{"name":"Anisotropic index","value":0},{"name":"Anisotropic","value":0},{"name":"r","value":0},{"name":"g","value":0},{"name":"b","value":0},{"name":"a","value":1}],"portsOut":[{"name":"Total Lines","value":1},{"name":"Width","value":1.2705775669642858},{"name":"Font Available","value":0}]},{"opId":"650baeb1-db2d-4781-9af6-ab4e9d4277be","id":"dobadhcet","uiAttribs":{"subPatch":"08m67o24d","history":{"createdAt":1676398258488,"createdBy":{"name":"n4hui"},"lastInteractionAt":1679067501954,"lastInteractionBy":{"name":"n4hui"}},"translate":{"x":395.13641974083373,"y":551.060433295325}},"portsIn":[{"name":"posX","value":-0.5},{"name":"posY","value":-1.68},{"name":"posZ","value":0},{"name":"scale","value":0.15},{"name":"rotX","value":0},{"name":"rotY","value":0},{"name":"rotZ","value":0}],"portsOut":[{"name":"trigger","links":[{"portIn":"Render","portOut":"trigger","objIn":"ityt8ffhd","objOut":"dobadhcet"}]}]},{"opId":"e3f68bc3-892a-4c78-9974-aca25c27025d","id":"e5tyc3ti6","uiAttribs":{"subPatch":"08m67o24d","translate":{"x":11.13641974083373,"y":271.06043329532497},"history":{"createdAt":1679011685577,"createdBy":{"name":"n4hui"},"lastInteractionAt":1679011685577,"lastInteractionBy":{"name":"n4hui"}}},"portsOut":[{"name":"create port","value":0},{"name":"in0 Navegación out0 Ops.Gl.Matrix.Transform trigger","links":[{"portIn":"Execute","portOut":"in0 Navegación out0 Ops.Gl.Matrix.Transform trigger","objIn":"prlvdqeoz","objOut":"e5tyc3ti6"}]},{"name":"in1 Desplazamiento out0 Smooth Result","links":[{"portIn":"number1","portOut":"in1 Desplazamiento out0 Smooth Result","objIn":"cjmyrce31","objOut":"e5tyc3ti6"}]},{"name":"in2 Desplazamiento out0 Smooth Result","value":-0.63}]},{"opId":"851b44cb-5667-4140-9800-5aeb7031f1d7","id":"e98bhaaff","uiAttribs":{"subPatch":"08m67o24d","translate":{"x":203.13641974083373,"y":271.06043329532497},"history":{"createdAt":1679011685585,"createdBy":{"name":"n4hui"},"lastInteractionAt":1679011685585,"lastInteractionBy":{"name":"n4hui"}}},"portsIn":[{"name":"create port","value":0},{"name":"out0 Artículo in1 Desplazamiento out0 Smooth Result","value":0}]},{"opId":"84d9a6f0-ed7a-466d-b386-225ed9e89c60","id":"k7t0rkmr4","uiAttribs":{"title":"Sección","translate":{"x":-121.90193842645381,"y":132.70954464181042},"history":{"createdAt":1679011685592,"createdBy":{"name":"n4hui"},"lastInteractionAt":1679011685592,"lastInteractionBy":{"name":"n4hui"}},"color":"#db88ff"},"storage":{"subPatchVer":1},"portsIn":[{"name":"create port"},{"name":"dataStr","value":"{\"ports\":[{\"name\":\"in0 Navegación out0 Ops.Gl.Matrix.Transform trigger\",\"type\":1},{\"name\":\"in1 Desplazamiento out0 Smooth Result\",\"type\":0},{\"name\":\"in2 Desplazamiento out0 Smooth Result\",\"type\":0}],\"portsOut\":[{\"name\":\"out0 Artículo in1 Desplazamiento out0 Smooth Result\",\"type\":0}]}"},{"name":"patchId","value":"08m67o24d"}],"portsOut":[{"name":"create port out","value":0},{"name":"out0 Artículo in1 Desplazamiento out0 Smooth Result","links":[{"portIn":"in1 Desplazamiento out0 Smooth Result","portOut":"out0 Artículo in1 Desplazamiento out0 Smooth Result","objIn":"ucatfxgev","objOut":"k7t0rkmr4"}]}]},{"opId":"82bb2f8a-77f4-4218-a3ae-8f158f1b7fb1","id":"e1hjlc0oc","uiAttribs":{"subPatch":"08m67o24d","history":{"createdAt":1676397248793,"createdBy":{"name":"n4hui"},"lastInteractionAt":1679036035249,"lastInteractionBy":{"name":"n4hui"}},"translate":{"x":131.13641974083373,"y":791.060433295325},"color":null},"portsIn":[{"name":"render","title":"Trigger"},{"name":"dorender","value":1,"title":"Render"},{"name":"width","value":3},{"name":"pivot x index","value":1},{"name":"pivot x","value":"center"},{"name":"pivot y index","value":2},{"name":"pivot y","value":"bottom"},{"name":"axis index","value":0},{"name":"axis","value":"xy"},{"name":"Flip TexCoord X","value":0},{"name":"Flip TexCoord Y","value":1},{"name":"num columns","value":1},{"name":"num rows","value":1}]},{"opId":"44ceb5d8-b040-4722-b189-a6fb8172517d","id":"prlvdqeoz","uiAttribs":{"subPatch":"08m67o24d","history":{"createdAt":1679031800080,"createdBy":{"name":"n4hui"},"lastInteractionAt":1679031800080,"lastInteractionBy":{"name":"n4hui"}},"translate":{"x":23.13641974083373,"y":391.06043329532497}},"portsIn":[{"name":"Switch Value","value":"","useVariable":"artsec"}],"portsOut":[{"name":"Switched Value","value":0},{"name":"Trigger 0","links":[{"portIn":"exe","portOut":"Trigger 0","objIn":"0vxgfpv81","objOut":"prlvdqeoz"}]},{"name":"Highest Index","value":0}]},{"opId":"a466bc1f-06e9-4595-8849-bffb9fe22f99","id":"0vxgfpv81","uiAttribs":{"resizable":true,"resizableY":false,"stretchPorts":true,"subPatch":"08m67o24d","history":{"createdAt":1679035792736,"createdBy":{"name":"n4hui"},"lastInteractionAt":1679035792736,"lastInteractionBy":{"name":"n4hui"}},"translate":{"x":47.13641974083373,"y":451.06043329532497}},"portsOut":[{"name":"trigger 0","links":[{"portIn":"render","portOut":"trigger 0","objIn":"j7kuqv8q9","objOut":"0vxgfpv81"}]},{"name":"trigger 6","links":[{"portIn":"render","portOut":"trigger 6","objIn":"81nkeobkp","objOut":"0vxgfpv81"}]},{"name":"trigger 15","links":[{"portIn":"render","portOut":"trigger 15","objIn":"dobadhcet","objOut":"0vxgfpv81"}]}]},{"opId":"650baeb1-db2d-4781-9af6-ab4e9d4277be","id":"j7kuqv8q9","uiAttribs":{"subPatch":"08m67o24d","history":{"createdAt":1676397350720,"createdBy":{"name":"n4hui"},"lastInteractionAt":1679067805406,"lastInteractionBy":{"name":"n4hui"}},"translate":{"x":-108.86358025916627,"y":531.060433295325},"comment":null,"color":null},"portsIn":[{"name":"posX","value":-0.5},{"name":"posY","value":-1.62},{"name":"posZ","value":0},{"name":"scale","value":1},{"name":"rotX","value":0},{"name":"rotY","value":0},{"name":"rotZ","value":0}],"portsOut":[{"name":"trigger","links":[{"portIn":"render","portOut":"trigger","objIn":"libsunhjw","objOut":"j7kuqv8q9"}]}]},{"opId":"82bb2f8a-77f4-4218-a3ae-8f158f1b7fb1","id":"niuvpib47","uiAttribs":{"subPatch":"08m67o24d","history":{"createdAt":1676397248793,"createdBy":{"name":"n4hui"},"lastInteractionAt":1679067746399,"lastInteractionBy":{"name":"n4hui"}},"translate":{"x":-108.86358025916627,"y":711.060433295325},"color":null},"portsIn":[{"name":"render","title":"Trigger"},{"name":"dorender","value":1,"title":"Render"},{"name":"width","value":3},{"name":"height","value":2.36},{"name":"pivot x index","value":1},{"name":"pivot x","value":"center"},{"name":"pivot y index","value":1},{"name":"pivot y","value":"center"},{"name":"axis index","value":0},{"name":"axis","value":"xy"},{"name":"Flip TexCoord X","value":0},{"name":"Flip TexCoord Y","value":1},{"name":"num columns","value":1},{"name":"num rows","value":1}]},{"opId":"06ad9d35-ccf5-4d31-889c-e23fa062588a","id":"k9g303qgg","uiAttribs":{"subPatch":"08m67o24d","history":{"createdAt":1679035889645,"createdBy":{"name":"n4hui"},"lastInteractionAt":1679067781404,"lastInteractionBy":{"name":"n4hui"}},"translate":{"x":131.13641974083373,"y":731.060433295325}},"portsIn":[{"name":"easing index","value":12},{"name":"easing","value":"Sin In Out"},{"name":"duration","value":1},{"name":"Direction index","value":1},{"name":"Direction","value":"Only True"},{"name":"value false","value":0},{"name":"value true","value":2.36}],"portsOut":[{"name":"trigger","links":[{"portIn":"render","portOut":"trigger","objIn":"e1hjlc0oc","objOut":"k9g303qgg"}]},{"name":"value","links":[{"portIn":"height","portOut":"value","objIn":"e1hjlc0oc","objOut":"k9g303qgg"}]},{"name":"finished","value":1}]},{"opId":"650baeb1-db2d-4781-9af6-ab4e9d4277be","id":"81nkeobkp","uiAttribs":{"subPatch":"08m67o24d","history":{"createdAt":1676397350720,"createdBy":{"name":"n4hui"},"lastInteractionAt":1679067814347,"lastInteractionBy":{"name":"n4hui"}},"translate":{"x":131.13641974083373,"y":531.060433295325},"comment":null,"color":null},"portsIn":[{"name":"posX","value":-0.5},{"name":"posY","value":-2.79},{"name":"posZ","value":0},{"name":"scale","value":1},{"name":"rotX","value":0},{"name":"rotY","value":0},{"name":"rotZ","value":0}],"portsOut":[{"name":"trigger","links":[{"portIn":"render","portOut":"trigger","objIn":"d9f35heso","objOut":"81nkeobkp"}]}]},{"opId":"b250d606-f7f8-44d3-b099-c29efff2608a","id":"cjmyrce31","uiAttribs":{"title":">","mathTitle":true,"subPatch":"08m67o24d","history":{"createdAt":1679032700764,"createdBy":{"name":"n4hui"},"lastInteractionAt":1679035101447,"lastInteractionBy":{"name":"n4hui"}},"translate":{"x":143.13641974083373,"y":671.060433295325}},"portsOut":[{"name":"result","links":[{"portIn":"bool","portOut":"result","objIn":"k9g303qgg","objOut":"cjmyrce31"}]}]},{"opId":"ec55d252-3843-41b1-b731-0482dbd9e72b","id":"libsunhjw","uiAttribs":{"subPatch":"08m67o24d","history":{"createdAt":1676397394071,"createdBy":{"name":"n4hui"},"lastInteractionAt":1717726780139,"lastInteractionBy":{"name":"tlatelolco04"}},"translate":{"x":-108.86358025916627,"y":631.060433295325},"color":null},"portsIn":[{"name":"r","value":0.9245174184483922},{"name":"g","value":0.5133020767013226},{"name":"b","value":0.9953342012564341},{"name":"a","value":1},{"name":"colorizeTexture","value":0},{"name":"Vertex Colors","value":0},{"name":"Alpha Mask Source index","value":0},{"name":"Alpha Mask Source","value":"Luminance"},{"name":"Opacity TexCoords Transform","value":0},{"name":"Discard Transparent Pixels","value":0},{"name":"diffuseRepeatX","value":1},{"name":"diffuseRepeatY","value":1},{"name":"Tex Offset X","value":0},{"name":"Tex Offset Y","value":0},{"name":"Crop TexCoords","value":0},{"name":"billboard","value":0}],"portsOut":[{"name":"trigger","links":[{"portIn":"render","portOut":"trigger","objIn":"niuvpib47","objOut":"libsunhjw"}]}]},{"opId":"a466bc1f-06e9-4595-8849-bffb9fe22f99","id":"f52hvjwyx","uiAttribs":{"resizable":true,"resizableY":false,"stretchPorts":true,"subPatch":"nfgfsgrx4","history":{"createdAt":1679068076894,"createdBy":{"name":"n4hui"},"lastInteractionAt":1679068076894,"lastInteractionBy":{"name":"n4hui"}},"translate":{"x":-840.8635802591662,"y":551.060433295325}},"portsOut":[{"name":"trigger 0","links":[{"portIn":"render","portOut":"trigger 0","objIn":"kpnanrsn5","objOut":"f52hvjwyx"}]},{"name":"trigger 5","links":[{"portIn":"render","portOut":"trigger 5","objIn":"cxcoapu9r","objOut":"f52hvjwyx"}]},{"name":"trigger 15","links":[{"portIn":"render","portOut":"trigger 15","objIn":"e5wnygqzh","objOut":"f52hvjwyx"}]}]},{"opId":"82bb2f8a-77f4-4218-a3ae-8f158f1b7fb1","id":"juzben817","uiAttribs":{"subPatch":"nfgfsgrx4","history":{"createdAt":1676397248793,"createdBy":{"name":"n4hui"},"lastInteractionAt":1679068301499,"lastInteractionBy":{"name":"n4hui"}},"translate":{"x":-780.8635802591662,"y":911.0604332953249},"color":null},"portsIn":[{"name":"render","title":"Trigger"},{"name":"dorender","value":1,"title":"Render"},{"name":"width","value":4},{"name":"pivot x index","value":1},{"name":"pivot x","value":"center"},{"name":"pivot y index","value":0},{"name":"pivot y","value":"top"},{"name":"axis index","value":0},{"name":"axis","value":"xy"},{"name":"Flip TexCoord X","value":0},{"name":"Flip TexCoord Y","value":1},{"name":"num columns","value":1},{"name":"num rows","value":1}]},{"opId":"ec55d252-3843-41b1-b731-0482dbd9e72b","id":"p7l0iabl9","uiAttribs":{"subPatch":"nfgfsgrx4","history":{"createdAt":1676397394071,"createdBy":{"name":"n4hui"},"lastInteractionAt":1717726959759,"lastInteractionBy":{"name":"tlatelolco04"}},"translate":{"x":-780.8635802591662,"y":751.060433295325},"color":null},"portsIn":[{"name":"r","value":1},{"name":"g","value":0.5399811539075019},{"name":"b","value":0.029802680015563965},{"name":"a","value":1},{"name":"colorizeTexture","value":0},{"name":"Vertex Colors","value":0},{"name":"Alpha Mask Source index","value":0},{"name":"Alpha Mask Source","value":"Luminance"},{"name":"Opacity TexCoords Transform","value":0},{"name":"Discard Transparent Pixels","value":0},{"name":"diffuseRepeatX","value":1},{"name":"diffuseRepeatY","value":1},{"name":"Tex Offset X","value":0},{"name":"Tex Offset Y","value":0},{"name":"Crop TexCoords","value":0},{"name":"billboard","value":0}],"portsOut":[{"name":"trigger","links":[{"portIn":"exe","portOut":"trigger","objIn":"3h1ek6mro","objOut":"p7l0iabl9"}]}]},{"opId":"650baeb1-db2d-4781-9af6-ab4e9d4277be","id":"cxcoapu9r","uiAttribs":{"subPatch":"nfgfsgrx4","history":{"createdAt":1679068192105,"createdBy":{"name":"n4hui"},"lastInteractionAt":1679068205414,"lastInteractionBy":{"name":"n4hui"}},"translate":{"x":-780.8635802591662,"y":651.060433295325}},"portsIn":[{"name":"posX","value":0},{"name":"posY","value":0.7},{"name":"posZ","value":0},{"name":"scale","value":1},{"name":"rotX","value":0},{"name":"rotY","value":0},{"name":"rotZ","value":0}],"portsOut":[{"name":"trigger","links":[{"portIn":"render","portOut":"trigger","objIn":"p7l0iabl9","objOut":"cxcoapu9r"}]}]},{"opId":"06ad9d35-ccf5-4d31-889c-e23fa062588a","id":"3h1ek6mro","uiAttribs":{"subPatch":"nfgfsgrx4","history":{"createdAt":1679068236118,"createdBy":{"name":"n4hui"},"lastInteractionAt":1679068482128,"lastInteractionBy":{"name":"n4hui"}},"translate":{"x":-780.8635802591662,"y":851.0604332953249}},"portsIn":[{"name":"easing index","value":12},{"name":"easing","value":"Sin In Out"},{"name":"duration","value":1},{"name":"Direction index","value":1},{"name":"Direction","value":"Only True"},{"name":"value false","value":0},{"name":"value true","value":1.4}],"portsOut":[{"name":"trigger","links":[{"portIn":"render","portOut":"trigger","objIn":"juzben817","objOut":"3h1ek6mro"}]},{"name":"value","links":[{"portIn":"height","portOut":"value","objIn":"juzben817","objOut":"3h1ek6mro"}]},{"name":"finished","value":1}]},{"opId":"b250d606-f7f8-44d3-b099-c29efff2608a","id":"b1cbezv7x","uiAttribs":{"title":">","mathTitle":true,"subPatch":"nfgfsgrx4","history":{"createdAt":1679068338988,"createdBy":{"name":"n4hui"},"lastInteractionAt":1679068360588,"lastInteractionBy":{"name":"n4hui"}},"translate":{"x":-660.8635802591663,"y":791.060433295325}},"portsIn":[{"name":"number2","value":1.57}],"portsOut":[{"name":"result","links":[{"portIn":"bool","portOut":"result","objIn":"3h1ek6mro","objOut":"b1cbezv7x"}]}]},{"opId":"7c96fee9-4c2f-45e1-a41b-096b06d286b8","id":"95ra8gsbm","uiAttribs":{"subPatch":"08m67o24d","history":{"createdAt":1679068764450,"createdBy":{"name":"n4hui"},"lastInteractionAt":1679068764450,"lastInteractionBy":{"name":"n4hui"}},"translate":{"x":239.13641974083373,"y":671.060433295325}},"portsOut":[{"name":"Was Triggered","links":[{"portIn":"Value","portOut":"Was Triggered","objIn":"7gqfh7lzx","objOut":"95ra8gsbm"}]}]},{"opId":"3a4b0a78-4172-41c7-8248-95cb0856ecc8","id":"6r8u0ak4z","uiAttribs":{"subPatch":"08m67o24d","history":{"createdAt":1679068772525,"createdBy":{"name":"n4hui"},"lastInteractionAt":1679069567114,"lastInteractionBy":{"name":"n4hui"}},"translate":{"x":311.13641974083373,"y":791.060433295325}},"portsIn":[{"name":"Duration","value":0.5},{"name":"Value True","value":-1},{"name":"Value False","value":0}],"portsOut":[{"name":"Result","links":[{"portIn":"number2","portOut":"Result","objIn":"cjmyrce31","objOut":"6r8u0ak4z"}]}]},{"opId":"ec55d252-3843-41b1-b731-0482dbd9e72b","id":"dnmi8gqud","uiAttribs":{"subPatch":"tlv6ow9mk","history":{"createdAt":1676397394071,"createdBy":{"name":"n4hui"},"lastInteractionAt":1717726918168,"lastInteractionBy":{"name":"tlatelolco04"}},"translate":{"x":143.13641974083373,"y":691.060433295325},"color":null},"portsIn":[{"name":"r","value":1},{"name":"g","value":0.0029175877571105957},{"name":"b","value":0.9777912733516945},{"name":"a","value":1},{"name":"colorizeTexture","value":0},{"name":"Vertex Colors","value":0},{"name":"Alpha Mask Source index","value":0},{"name":"Alpha Mask Source","value":"Luminance"},{"name":"Opacity TexCoords Transform","value":0},{"name":"Discard Transparent Pixels","value":0},{"name":"diffuseRepeatX","value":1},{"name":"diffuseRepeatY","value":1},{"name":"Tex Offset X","value":0},{"name":"Tex Offset Y","value":0},{"name":"Crop TexCoords","value":0},{"name":"billboard","value":0}],"portsOut":[{"name":"trigger","links":[{"portIn":"exe","portOut":"trigger","objIn":"vyp2kc0x8","objOut":"dnmi8gqud"},{"portIn":"Trigger","portOut":"trigger","objIn":"h9opk3feh","objOut":"dnmi8gqud"}]}]},{"opId":"2390f6b3-2122-412e-8c8d-5c2f574e8bd1","id":"5qctqcoaa","uiAttribs":{"subPatch":"tlv6ow9mk","history":{"createdAt":1676398216447,"createdBy":{"name":"n4hui"},"lastInteractionAt":1679069353272,"lastInteractionBy":{"name":"n4hui"}},"translate":{"x":407.13641974083373,"y":691.060433295325}},"portsIn":[{"name":"Text","value":"Artículo"},{"name":"Scale","value":1},{"name":"Font","value":"Arial"},{"name":"align index","value":1},{"name":"align","value":"center"},{"name":"vertical align index","value":1},{"name":"vertical align","value":"Middle"},{"name":"Line Height","value":1},{"name":"Letter Spacing","value":0},{"name":"filter index","value":2},{"name":"filter","value":"mipmap"},{"name":"Anisotropic index","value":0},{"name":"Anisotropic","value":0},{"name":"r","value":0},{"name":"g","value":0},{"name":"b","value":0},{"name":"a","value":1}],"portsOut":[{"name":"Total Lines","value":1},{"name":"Width","value":1.2107631138392858},{"name":"Font Available","value":0}]},{"opId":"650baeb1-db2d-4781-9af6-ab4e9d4277be","id":"zl6sovxht","uiAttribs":{"subPatch":"tlv6ow9mk","history":{"createdAt":1676398258488,"createdBy":{"name":"n4hui"},"lastInteractionAt":1679069362303,"lastInteractionBy":{"name":"n4hui"}},"translate":{"x":407.13641974083373,"y":631.060433295325}},"portsIn":[{"name":"posX","value":-0.55},{"name":"posY","value":-1.68},{"name":"posZ","value":0},{"name":"scale","value":0.15},{"name":"rotX","value":0},{"name":"rotY","value":0},{"name":"rotZ","value":0}],"portsOut":[{"name":"trigger","links":[{"portIn":"Render","portOut":"trigger","objIn":"5qctqcoaa","objOut":"zl6sovxht"}]}]},{"opId":"e3f68bc3-892a-4c78-9974-aca25c27025d","id":"42y1r29ke","uiAttribs":{"subPatch":"tlv6ow9mk","translate":{"x":11.13641974083373,"y":351.06043329532497},"history":{"createdAt":1679011685577,"createdBy":{"name":"n4hui"},"lastInteractionAt":1679011685577,"lastInteractionBy":{"name":"n4hui"}}},"portsOut":[{"name":"create port","value":0},{"name":"in0 Navegación out0 Ops.Gl.Matrix.Transform trigger","links":[{"portIn":"Execute","portOut":"in0 Navegación out0 Ops.Gl.Matrix.Transform trigger","objIn":"apla9t68l","objOut":"42y1r29ke"}]},{"name":"in1 Desplazamiento out0 Smooth Result","links":[{"portIn":"number1","portOut":"in1 Desplazamiento out0 Smooth Result","objIn":"z4nb7iv68","objOut":"42y1r29ke"}]}]},{"opId":"851b44cb-5667-4140-9800-5aeb7031f1d7","id":"6t4zw0fj4","uiAttribs":{"subPatch":"tlv6ow9mk","translate":{"x":203.13641974083373,"y":351.06043329532497},"history":{"createdAt":1679011685585,"createdBy":{"name":"n4hui"},"lastInteractionAt":1679011685585,"lastInteractionBy":{"name":"n4hui"}}},"portsIn":[{"name":"create port","value":0}]},{"opId":"84d9a6f0-ed7a-466d-b386-225ed9e89c60","id":"ucatfxgev","uiAttribs":{"title":"Artículo","translate":{"x":-121.90193842645381,"y":236.3616831685945},"history":{"createdAt":1679011685592,"createdBy":{"name":"n4hui"},"lastInteractionAt":1679011685592,"lastInteractionBy":{"name":"n4hui"}},"color":"#dc5751"},"storage":{"subPatchVer":1},"portsIn":[{"name":"create port","value":0},{"name":"dataStr","value":"{\"ports\":[{\"name\":\"in0 Navegación out0 Ops.Gl.Matrix.Transform trigger\",\"type\":1},{\"name\":\"in1 Desplazamiento out0 Smooth Result\",\"type\":0,\"value\":0}],\"portsOut\":[]}"},{"name":"patchId","value":"tlv6ow9mk"}],"portsOut":[{"name":"create port out","value":0}]},{"opId":"82bb2f8a-77f4-4218-a3ae-8f158f1b7fb1","id":"oclielu42","uiAttribs":{"subPatch":"tlv6ow9mk","history":{"createdAt":1676397248793,"createdBy":{"name":"n4hui"},"lastInteractionAt":1679036035249,"lastInteractionBy":{"name":"n4hui"}},"translate":{"x":143.13641974083373,"y":871.0604332953249},"color":null},"portsIn":[{"name":"render","title":"Trigger"},{"name":"dorender","value":1,"title":"Render"},{"name":"width","value":3},{"name":"pivot x index","value":1},{"name":"pivot x","value":"center"},{"name":"pivot y index","value":2},{"name":"pivot y","value":"bottom"},{"name":"axis index","value":0},{"name":"axis","value":"xy"},{"name":"Flip TexCoord X","value":0},{"name":"Flip TexCoord Y","value":1},{"name":"num columns","value":1},{"name":"num rows","value":1}]},{"opId":"44ceb5d8-b040-4722-b189-a6fb8172517d","id":"apla9t68l","uiAttribs":{"subPatch":"tlv6ow9mk","history":{"createdAt":1679031800080,"createdBy":{"name":"n4hui"},"lastInteractionAt":1679031800080,"lastInteractionBy":{"name":"n4hui"}},"translate":{"x":23.13641974083373,"y":471.06043329532497}},"portsIn":[{"name":"Switch Value","value":"","useVariable":"artsec"}],"portsOut":[{"name":"Switched Value","value":0},{"name":"Trigger 1","links":[{"portIn":"exe","portOut":"Trigger 1","objIn":"fhvjkpqr2","objOut":"apla9t68l"}]},{"name":"Highest Index","value":1}]},{"opId":"a466bc1f-06e9-4595-8849-bffb9fe22f99","id":"fhvjkpqr2","uiAttribs":{"resizable":true,"resizableY":false,"stretchPorts":true,"subPatch":"tlv6ow9mk","history":{"createdAt":1679035792736,"createdBy":{"name":"n4hui"},"lastInteractionAt":1679035792736,"lastInteractionBy":{"name":"n4hui"}},"translate":{"x":59.13641974083373,"y":531.060433295325}},"portsOut":[{"name":"trigger 0","links":[{"portIn":"render","portOut":"trigger 0","objIn":"3z6ncg5hz","objOut":"fhvjkpqr2"}]},{"name":"trigger 6","links":[{"portIn":"render","portOut":"trigger 6","objIn":"611c1p49j","objOut":"fhvjkpqr2"}]},{"name":"trigger 15","links":[{"portIn":"render","portOut":"trigger 15","objIn":"zl6sovxht","objOut":"fhvjkpqr2"}]}]},{"opId":"650baeb1-db2d-4781-9af6-ab4e9d4277be","id":"3z6ncg5hz","uiAttribs":{"subPatch":"tlv6ow9mk","history":{"createdAt":1676397350720,"createdBy":{"name":"n4hui"},"lastInteractionAt":1679067805406,"lastInteractionBy":{"name":"n4hui"}},"translate":{"x":-96.86358025916627,"y":611.060433295325},"comment":null,"color":null},"portsIn":[{"name":"posX","value":-0.5},{"name":"posY","value":-1.62},{"name":"posZ","value":0},{"name":"scale","value":1},{"name":"rotX","value":0},{"name":"rotY","value":0},{"name":"rotZ","value":0}],"portsOut":[{"name":"trigger","links":[{"portIn":"render","portOut":"trigger","objIn":"lgg0d2y7p","objOut":"3z6ncg5hz"}]}]},{"opId":"82bb2f8a-77f4-4218-a3ae-8f158f1b7fb1","id":"7f3ohi2c2","uiAttribs":{"subPatch":"tlv6ow9mk","history":{"createdAt":1676397248793,"createdBy":{"name":"n4hui"},"lastInteractionAt":1679067746399,"lastInteractionBy":{"name":"n4hui"}},"translate":{"x":-96.86358025916627,"y":771.060433295325},"color":null},"portsIn":[{"name":"render","title":"Trigger"},{"name":"dorender","value":1,"title":"Render"},{"name":"width","value":3},{"name":"height","value":2.36},{"name":"pivot x index","value":1},{"name":"pivot x","value":"center"},{"name":"pivot y index","value":1},{"name":"pivot y","value":"center"},{"name":"axis index","value":0},{"name":"axis","value":"xy"},{"name":"Flip TexCoord X","value":0},{"name":"Flip TexCoord Y","value":1},{"name":"num columns","value":1},{"name":"num rows","value":1}]},{"opId":"06ad9d35-ccf5-4d31-889c-e23fa062588a","id":"vyp2kc0x8","uiAttribs":{"subPatch":"tlv6ow9mk","history":{"createdAt":1679035889645,"createdBy":{"name":"n4hui"},"lastInteractionAt":1679067781404,"lastInteractionBy":{"name":"n4hui"}},"translate":{"x":143.13641974083373,"y":811.060433295325}},"portsIn":[{"name":"easing index","value":12},{"name":"easing","value":"Sin In Out"},{"name":"duration","value":1},{"name":"Direction index","value":1},{"name":"Direction","value":"Only True"},{"name":"value false","value":0},{"name":"value true","value":2.36}],"portsOut":[{"name":"trigger","links":[{"portIn":"render","portOut":"trigger","objIn":"oclielu42","objOut":"vyp2kc0x8"}]},{"name":"value","links":[{"portIn":"height","portOut":"value","objIn":"oclielu42","objOut":"vyp2kc0x8"}]},{"name":"finished","value":0}]},{"opId":"650baeb1-db2d-4781-9af6-ab4e9d4277be","id":"611c1p49j","uiAttribs":{"subPatch":"tlv6ow9mk","history":{"createdAt":1676397350720,"createdBy":{"name":"n4hui"},"lastInteractionAt":1679067814347,"lastInteractionBy":{"name":"n4hui"}},"translate":{"x":143.13641974083373,"y":611.060433295325},"comment":null,"color":null},"portsIn":[{"name":"posX","value":-0.5},{"name":"posY","value":-2.79},{"name":"posZ","value":0},{"name":"scale","value":1},{"name":"rotX","value":0},{"name":"rotY","value":0},{"name":"rotZ","value":0}],"portsOut":[{"name":"trigger","links":[{"portIn":"render","portOut":"trigger","objIn":"dnmi8gqud","objOut":"611c1p49j"}]}]},{"opId":"b250d606-f7f8-44d3-b099-c29efff2608a","id":"z4nb7iv68","uiAttribs":{"title":">","mathTitle":true,"subPatch":"tlv6ow9mk","history":{"createdAt":1679032700764,"createdBy":{"name":"n4hui"},"lastInteractionAt":1679035101447,"lastInteractionBy":{"name":"n4hui"}},"translate":{"x":155.13641974083373,"y":751.060433295325}},"portsOut":[{"name":"result","links":[{"portIn":"bool","portOut":"result","objIn":"vyp2kc0x8","objOut":"z4nb7iv68"}]}]},{"opId":"ec55d252-3843-41b1-b731-0482dbd9e72b","id":"lgg0d2y7p","uiAttribs":{"subPatch":"tlv6ow9mk","history":{"createdAt":1676397394071,"createdBy":{"name":"n4hui"},"lastInteractionAt":1717726880654,"lastInteractionBy":{"name":"tlatelolco04"}},"translate":{"x":-96.86358025916627,"y":691.060433295325},"color":null},"portsIn":[{"name":"r","value":0.9674725564320882},{"name":"g","value":0.45034457477938433},{"name":"b","value":0.7050130025496728},{"name":"a","value":1},{"name":"colorizeTexture","value":0},{"name":"Vertex Colors","value":0},{"name":"Alpha Mask Source index","value":0},{"name":"Alpha Mask Source","value":"Luminance"},{"name":"Opacity TexCoords Transform","value":0},{"name":"Discard Transparent Pixels","value":0},{"name":"diffuseRepeatX","value":1},{"name":"diffuseRepeatY","value":1},{"name":"Tex Offset X","value":0},{"name":"Tex Offset Y","value":0},{"name":"Crop TexCoords","value":0},{"name":"billboard","value":0}],"portsOut":[{"name":"trigger","links":[{"portIn":"render","portOut":"trigger","objIn":"7f3ohi2c2","objOut":"lgg0d2y7p"}]}]},{"opId":"7c96fee9-4c2f-45e1-a41b-096b06d286b8","id":"h9opk3feh","uiAttribs":{"subPatch":"tlv6ow9mk","history":{"createdAt":1679068764450,"createdBy":{"name":"n4hui"},"lastInteractionAt":1679068764450,"lastInteractionBy":{"name":"n4hui"}},"translate":{"x":251.13641974083373,"y":751.060433295325}},"portsOut":[{"name":"Was Triggered","links":[{"portIn":"Value","portOut":"Was Triggered","objIn":"ejpx4xo2n","objOut":"h9opk3feh"}]}]},{"opId":"3a4b0a78-4172-41c7-8248-95cb0856ecc8","id":"44ryo53jo","uiAttribs":{"subPatch":"tlv6ow9mk","history":{"createdAt":1679068772525,"createdBy":{"name":"n4hui"},"lastInteractionAt":1679069344487,"lastInteractionBy":{"name":"n4hui"}},"translate":{"x":323.13641974083373,"y":871.0604332953249}},"portsIn":[{"name":"Duration","value":0.5},{"name":"Value True","value":-1},{"name":"Value False","value":0}],"portsOut":[{"name":"Result","links":[{"portIn":"number2","portOut":"Result","objIn":"z4nb7iv68","objOut":"44ryo53jo"}]}]},{"opId":"385197e1-8b34-4d1c-897f-d1386d99e3b3","id":"ejpx4xo2n","uiAttribs":{"subPatch":"tlv6ow9mk","history":{"createdAt":1679069244280,"createdBy":{"name":"n4hui"},"lastInteractionAt":1679069244280,"lastInteractionBy":{"name":"n4hui"}},"translate":{"x":323.13641974083373,"y":811.060433295325}},"portsOut":[{"name":"Next","links":[{"portIn":"Trigger","portOut":"Next","objIn":"44ryo53jo","objOut":"ejpx4xo2n"}]}]},{"opId":"385197e1-8b34-4d1c-897f-d1386d99e3b3","id":"7gqfh7lzx","uiAttribs":{"subPatch":"08m67o24d","history":{"createdAt":1679069244280,"createdBy":{"name":"n4hui"},"lastInteractionAt":1679069244280,"lastInteractionBy":{"name":"n4hui"}},"translate":{"x":311.13641974083373,"y":731.060433295325}},"portsOut":[{"name":"Next","links":[{"portIn":"Trigger","portOut":"Next","objIn":"6r8u0ak4z","objOut":"7gqfh7lzx"}]}]}],"visibility":"private","users":[],"usersReadOnly":[],"userOps":[],"tags":[],"name":"Coso ","userId":"65b521b1502c990d3f9a553f","cachedUsername":"Tlatelolco04","created":"2024-06-07T01:47:58.073Z","updated":"2024-06-07T02:45:06.692Z","log":[{"_id":"666271ad921a3e834115b522","created":"2024-06-07T02:34:21.680Z","key":"project_change_name","text":"[Tlatelolco04](/user/Tlatelolco04) changed name to \"Coso \"","id":"666271ad921a3e834115b522"},{"_id":"666271ad921a3e834115b523","created":"2024-06-07T02:34:21.680Z","key":"project_change_description","text":"[Tlatelolco04](/user/Tlatelolco04) changed description","id":"666271ad921a3e834115b523"}],"__v":0,"shortId":"NfxmYe","description":"","buildInfo":{"core":{"timestamp":1715927482175,"created":"2024-05-17T06:31:22.175Z","git":{"branch":"master","commit":"83d9847c52906e47691c89c7ec564876e8749a3b","date":"1715927217","message":"subpatch ops wrong"}},"ui":{"timestamp":1715927485601,"created":"2024-05-17T06:31:25.601Z","git":{"branch":"master","commit":"e64c61ab9976c5207bd593ae19e7498d990e24d5","date":"1715927243","message":"Merge branch 'develop' of github.com:undev-studio/cables_ui into develop"}},"host":"cables.gl"},"opsHash":"57cd70f504dcb8dae3e216669e95f57eb79d5a94","ui":{"viewBox":{},"timeLineLength":20,"texPreview":{},"bookmarks":[],"viewBoxesGl":{"0":{"x":-40.83872400001985,"y":-33.37338491664306,"z":520.2984641115709},"mmvlpwmud":{"x":-17.090572114440448,"y":188.21515888333857,"z":448.08750000000003},"lkhr8cnbt":{"x":365.88641974083373,"y":482.36269070735085,"z":586.6875},"08m67o24d":{"x":245.88641974083373,"y":664.8176144244105,"z":400.065060607111},"bh9fk3giq":{"x":-558.1135802591662,"y":567.508321775312,"z":410.2875},"tlv6ow9mk":{"x":257.88641974083373,"y":762.1269070735088,"z":400.200535296494},"nfgfsgrx4":{"x":-678.1135802591662,"y":774.2905686546461,"z":400}},"renderer":{"w":640,"h":320,"s":1}},"updatedByUser":"Tlatelolco04","link":"/p/NfxmYe","thumbnail":"/thumb/l/666266cedbcd6083233b31cf/thumb.webp","id":"666266cedbcd6083233b31cf","exports":1}